time,levelname,message
2024-10-29 07:06:20 , INFO , Dash is running on http://127.0.0.1:8050/
2024-10-29 07:06:23 , INFO , HTTP Request: GET https://api.bitpreco.com/btc-brl/ticker "HTTP/1.1 200 OK"
2024-10-29 07:06:24 , INFO , HTTP Request: POST https://api.bitpreco.com/v1/trading/balance "HTTP/1.1 200 OK"
2024-10-29 07:06:25 , INFO , HTTP Request: POST https://api.bitpreco.com/v1/trading/balance "HTTP/1.1 200 OK"
2024-10-29 07:06:26 , INFO , Último sinal gerado: 0.0
2024-10-29 07:06:27 , INFO , HTTP Request: POST https://api.bitpreco.com/v1/trading/balance "HTTP/1.1 200 OK"
2024-10-29 07:06:27 , INFO , Nenhuma ação necessária no momento.
2024-10-29 07:06:32 , INFO , HTTP Request: POST https://api.bitpreco.com/v1/trading/balance "HTTP/1.1 200 OK"
2024-10-29 07:07:10 , INFO , HTTP Request: POST https://api.bitpreco.com/v1/trading/balance "HTTP/1.1 200 OK"
2024-10-29 07:07:53 , INFO , Dash is running on http://127.0.0.1:8050/
2024-10-29 07:07:58 , INFO , HTTP Request: GET https://api.bitpreco.com/btc-brl/ticker "HTTP/1.1 200 OK"
2024-10-29 07:07:59 , INFO , HTTP Request: POST https://api.bitpreco.com/v1/trading/balance "HTTP/1.1 200 OK"
2024-10-29 07:08:00 , INFO , HTTP Request: POST https://api.bitpreco.com/v1/trading/balance "HTTP/1.1 200 OK"
2024-10-29 07:08:00 , INFO , HTTP Request: POST https://api.bitpreco.com/v1/trading/balance "HTTP/1.1 200 OK"
2024-10-29 07:08:01 , INFO , Último sinal gerado: 0.0
2024-10-29 07:08:02 , INFO , HTTP Request: POST https://api.bitpreco.com/v1/trading/balance "HTTP/1.1 200 OK"
2024-10-29 07:08:02 , INFO , Nenhuma ação necessária no momento.
2024-10-29 07:08:36 , INFO , HTTP Request: POST https://api.bitpreco.com/v1/trading/balance "HTTP/1.1 200 OK"
2024-10-29 07:08:50 , INFO , HTTP Request: POST https://api.bitpreco.com/v1/trading/balance "HTTP/1.1 200 OK"
2024-10-29 07:09:01 , INFO , Dash is running on http://127.0.0.1:8050/
2024-10-29 07:09:05 , INFO , HTTP Request: GET https://api.bitpreco.com/btc-brl/ticker "HTTP/1.1 200 OK"
2024-10-29 07:09:06 , INFO , HTTP Request: POST https://api.bitpreco.com/v1/trading/balance "HTTP/1.1 200 OK"
2024-10-29 07:09:07 , INFO , HTTP Request: POST https://api.bitpreco.com/v1/trading/balance "HTTP/1.1 200 OK"
2024-10-29 07:09:07 , INFO , HTTP Request: POST https://api.bitpreco.com/v1/trading/balance "HTTP/1.1 200 OK"
2024-10-29 07:09:07 , INFO , Último sinal gerado: 0.0
2024-10-29 07:09:08 , INFO , HTTP Request: POST https://api.bitpreco.com/v1/trading/balance "HTTP/1.1 200 OK"
2024-10-29 07:09:08 , INFO , Nenhuma ação necessária no momento.
2024-10-29 07:09:44 , INFO , HTTP Request: POST https://api.bitpreco.com/v1/trading/balance "HTTP/1.1 200 OK"
2024-10-29 07:09:58 , INFO , HTTP Request: POST https://api.bitpreco.com/v1/trading/balance "HTTP/1.1 200 OK"
2024-10-29 07:10:27 , INFO , HTTP Request: POST https://api.bitpreco.com/v1/trading/balance "HTTP/1.1 200 OK"
2024-10-29 07:10:40 , INFO , HTTP Request: POST https://api.bitpreco.com/v1/trading/balance "HTTP/1.1 200 OK"
2024-10-29 07:10:48 , INFO , HTTP Request: GET https://api.bitpreco.com/btc-brl/ticker "HTTP/1.1 200 OK"
2024-10-29 07:10:49 , INFO , HTTP Request: POST https://api.bitpreco.com/v1/trading/balance "HTTP/1.1 200 OK"
2024-10-29 07:10:50 , INFO , HTTP Request: POST https://api.bitpreco.com/v1/trading/balance "HTTP/1.1 200 OK"
2024-10-29 07:10:50 , INFO , Último sinal gerado: 0.0
2024-10-29 07:10:51 , INFO , HTTP Request: POST https://api.bitpreco.com/v1/trading/balance "HTTP/1.1 200 OK"
2024-10-29 07:10:51 , INFO , Nenhuma ação necessária no momento.
2024-10-29 07:10:59 , INFO , HTTP Request: POST https://api.bitpreco.com/v1/trading/balance "HTTP/1.1 200 OK"
2024-10-29 07:11:01 , INFO , HTTP Request: POST https://api.bitpreco.com/v1/trading/balance "HTTP/1.1 200 OK"
2024-10-29 07:11:05 , INFO , HTTP Request: POST https://api.bitpreco.com/v1/trading/balance "HTTP/1.1 200 OK"
2024-10-29 07:11:07 , INFO , HTTP Request: POST https://api.bitpreco.com/v1/trading/balance "HTTP/1.1 200 OK"
2024-10-29 07:11:10 , INFO , HTTP Request: POST https://api.bitpreco.com/v1/trading/balance "HTTP/1.1 200 OK"
2024-10-29 07:11:13 , INFO , HTTP Request: POST https://api.bitpreco.com/v1/trading/balance "HTTP/1.1 200 OK"
2024-10-29 07:11:18 , INFO , HTTP Request: POST https://api.bitpreco.com/v1/trading/balance "HTTP/1.1 200 OK"
2024-10-29 07:20:03 , INFO , Dash is running on http://127.0.0.1:8050/
2024-10-29 07:20:07 , INFO , HTTP Request: GET https://api.bitpreco.com/btc-brl/ticker "HTTP/1.1 200 OK"
2024-10-29 07:20:08 , INFO , HTTP Request: POST https://api.bitpreco.com/v1/trading/balance "HTTP/1.1 200 OK"
2024-10-29 07:20:09 , INFO , HTTP Request: POST https://api.bitpreco.com/v1/trading/balance "HTTP/1.1 200 OK"
2024-10-29 07:20:09 , INFO , HTTP Request: POST https://api.bitpreco.com/v1/trading/balance "HTTP/1.1 200 OK"
2024-10-29 07:20:09 , INFO , Último sinal gerado: 0.0
2024-10-29 07:20:10 , INFO , HTTP Request: POST https://api.bitpreco.com/v1/trading/balance "HTTP/1.1 200 OK"
2024-10-29 07:20:10 , INFO , Nenhuma ação necessária no momento.
2024-10-29 07:20:12 , INFO , HTTP Request: POST https://api.bitpreco.com/v1/trading/balance "HTTP/1.1 200 OK"
2024-10-29 07:20:13 , INFO , HTTP Request: GET https://api.bitpreco.com/btc-brl/ticker "HTTP/1.1 200 OK"
2024-10-29 07:20:14 , INFO , HTTP Request: POST https://api.bitpreco.com/v1/trading/balance "HTTP/1.1 200 OK"
2024-10-29 07:20:15 , INFO , HTTP Request: POST https://api.bitpreco.com/v1/trading/balance "HTTP/1.1 200 OK"
2024-10-29 07:20:15 , INFO , HTTP Request: POST https://api.bitpreco.com/v1/trading/balance "HTTP/1.1 200 OK"
2024-10-29 07:20:15 , INFO , Último sinal gerado: 0.0
2024-10-29 07:20:16 , INFO , HTTP Request: POST https://api.bitpreco.com/v1/trading/balance "HTTP/1.1 200 OK"
2024-10-29 07:20:16 , INFO , Nenhuma ação necessária no momento.
2024-10-29 07:20:18 , INFO , HTTP Request: POST https://api.bitpreco.com/v1/trading/balance "HTTP/1.1 200 OK"
2024-10-29 07:20:20 , INFO , HTTP Request: GET https://api.bitpreco.com/btc-brl/ticker "HTTP/1.1 200 OK"
2024-10-29 07:20:20 , INFO , HTTP Request: POST https://api.bitpreco.com/v1/trading/balance "HTTP/1.1 200 OK"
2024-10-29 07:20:21 , INFO , HTTP Request: POST https://api.bitpreco.com/v1/trading/balance "HTTP/1.1 200 OK"
2024-10-29 07:20:22 , INFO , HTTP Request: POST https://api.bitpreco.com/v1/trading/balance "HTTP/1.1 200 OK"
2024-10-29 07:20:22 , INFO , Último sinal gerado: 0.0
2024-10-29 07:20:23 , INFO , HTTP Request: POST https://api.bitpreco.com/v1/trading/balance "HTTP/1.1 200 OK"
2024-10-29 07:20:23 , INFO , Nenhuma ação necessária no momento.
2024-10-29 07:20:24 , INFO , HTTP Request: POST https://api.bitpreco.com/v1/trading/balance "HTTP/1.1 200 OK"
2024-10-29 07:20:27 , INFO , HTTP Request: GET https://api.bitpreco.com/btc-brl/ticker "HTTP/1.1 200 OK"
2024-10-29 07:20:27 , INFO , HTTP Request: POST https://api.bitpreco.com/v1/trading/balance "HTTP/1.1 200 OK"
2024-10-29 07:20:27 , INFO , HTTP Request: POST https://api.bitpreco.com/v1/trading/balance "HTTP/1.1 200 OK"
2024-10-29 07:20:28 , INFO , HTTP Request: POST https://api.bitpreco.com/v1/trading/balance "HTTP/1.1 200 OK"
2024-10-29 07:20:29 , INFO , Último sinal gerado: 0.0
2024-10-29 07:20:30 , INFO , HTTP Request: POST https://api.bitpreco.com/v1/trading/balance "HTTP/1.1 200 OK"
2024-10-29 07:20:30 , INFO , Nenhuma ação necessária no momento.
2024-10-29 07:20:30 , INFO , HTTP Request: POST https://api.bitpreco.com/v1/trading/balance "HTTP/1.1 200 OK"
2024-10-29 07:20:32 , INFO , HTTP Request: POST https://api.bitpreco.com/v1/trading/balance "HTTP/1.1 200 OK"
2024-10-29 07:20:33 , INFO , HTTP Request: GET https://api.bitpreco.com/btc-brl/ticker "HTTP/1.1 200 OK"
2024-10-29 07:20:34 , INFO , HTTP Request: POST https://api.bitpreco.com/v1/trading/balance "HTTP/1.1 200 OK"
2024-10-29 07:20:35 , INFO , HTTP Request: POST https://api.bitpreco.com/v1/trading/balance "HTTP/1.1 200 OK"
2024-10-29 07:20:35 , INFO , Último sinal gerado: 0.0
2024-10-29 07:20:36 , INFO , HTTP Request: POST https://api.bitpreco.com/v1/trading/balance "HTTP/1.1 200 OK"
2024-10-29 07:20:36 , INFO , HTTP Request: POST https://api.bitpreco.com/v1/trading/balance "HTTP/1.1 200 OK"
2024-10-29 07:20:36 , INFO , Nenhuma ação necessária no momento.
2024-10-29 07:20:39 , INFO , HTTP Request: POST https://api.bitpreco.com/v1/trading/balance "HTTP/1.1 200 OK"
2024-10-29 07:20:40 , INFO , HTTP Request: GET https://api.bitpreco.com/btc-brl/ticker "HTTP/1.1 200 OK"
2024-10-29 07:20:41 , INFO , HTTP Request: POST https://api.bitpreco.com/v1/trading/balance "HTTP/1.1 200 OK"
2024-10-29 07:20:42 , INFO , HTTP Request: POST https://api.bitpreco.com/v1/trading/balance "HTTP/1.1 200 OK"
2024-10-29 07:20:42 , INFO , HTTP Request: POST https://api.bitpreco.com/v1/trading/balance "HTTP/1.1 200 OK"
2024-10-29 07:20:42 , INFO , Último sinal gerado: 0.0
2024-10-29 07:20:43 , INFO , HTTP Request: POST https://api.bitpreco.com/v1/trading/balance "HTTP/1.1 200 OK"
2024-10-29 07:20:43 , INFO , Nenhuma ação necessária no momento.
2024-10-29 07:20:45 , INFO , HTTP Request: POST https://api.bitpreco.com/v1/trading/balance "HTTP/1.1 200 OK"
2024-10-29 07:20:47 , INFO , HTTP Request: GET https://api.bitpreco.com/btc-brl/ticker "HTTP/1.1 200 OK"
2024-10-29 07:20:48 , INFO , HTTP Request: POST https://api.bitpreco.com/v1/trading/balance "HTTP/1.1 200 OK"
2024-10-29 07:20:48 , INFO , HTTP Request: POST https://api.bitpreco.com/v1/trading/balance "HTTP/1.1 200 OK"
2024-10-29 07:20:49 , INFO , HTTP Request: POST https://api.bitpreco.com/v1/trading/balance "HTTP/1.1 200 OK"
2024-10-29 07:20:49 , INFO , Último sinal gerado: 0.0
2024-10-29 07:20:50 , INFO , HTTP Request: POST https://api.bitpreco.com/v1/trading/balance "HTTP/1.1 200 OK"
2024-10-29 07:20:50 , INFO , Nenhuma ação necessária no momento.
2024-10-29 07:20:51 , INFO , HTTP Request: POST https://api.bitpreco.com/v1/trading/balance "HTTP/1.1 200 OK"
2024-10-29 07:20:54 , INFO , HTTP Request: POST https://api.bitpreco.com/v1/trading/balance "HTTP/1.1 200 OK"
2024-10-29 07:20:54 , INFO , HTTP Request: GET https://api.bitpreco.com/btc-brl/ticker "HTTP/1.1 200 OK"
2024-10-29 07:20:54 , INFO , HTTP Request: POST https://api.bitpreco.com/v1/trading/balance "HTTP/1.1 200 OK"
2024-10-29 07:20:55 , INFO , HTTP Request: POST https://api.bitpreco.com/v1/trading/balance "HTTP/1.1 200 OK"
2024-10-29 07:20:56 , INFO , Último sinal gerado: 0.0
2024-10-29 07:20:57 , INFO , HTTP Request: POST https://api.bitpreco.com/v1/trading/balance "HTTP/1.1 200 OK"
2024-10-29 07:20:57 , INFO , HTTP Request: POST https://api.bitpreco.com/v1/trading/balance "HTTP/1.1 200 OK"
2024-10-29 07:20:57 , INFO , Nenhuma ação necessária no momento.
2024-10-29 07:21:00 , INFO , HTTP Request: POST https://api.bitpreco.com/v1/trading/balance "HTTP/1.1 200 OK"
2024-10-29 07:21:00 , INFO , HTTP Request: GET https://api.bitpreco.com/btc-brl/ticker "HTTP/1.1 200 OK"
2024-10-29 07:21:01 , INFO , HTTP Request: POST https://api.bitpreco.com/v1/trading/balance "HTTP/1.1 200 OK"
2024-10-29 07:21:02 , INFO , HTTP Request: POST https://api.bitpreco.com/v1/trading/balance "HTTP/1.1 200 OK"
2024-10-29 07:21:03 , INFO , Último sinal gerado: 0.0
2024-10-29 07:21:03 , INFO , HTTP Request: POST https://api.bitpreco.com/v1/trading/balance "HTTP/1.1 200 OK"
2024-10-29 07:21:03 , INFO , HTTP Request: POST https://api.bitpreco.com/v1/trading/balance "HTTP/1.1 200 OK"
2024-10-29 07:21:03 , INFO , Nenhuma ação necessária no momento.
2024-10-29 07:21:06 , INFO , HTTP Request: POST https://api.bitpreco.com/v1/trading/balance "HTTP/1.1 200 OK"
2024-10-29 07:21:07 , INFO , HTTP Request: GET https://api.bitpreco.com/btc-brl/ticker "HTTP/1.1 200 OK"
2024-10-29 07:21:08 , INFO , HTTP Request: POST https://api.bitpreco.com/v1/trading/balance "HTTP/1.1 200 OK"
2024-10-29 07:21:09 , INFO , HTTP Request: POST https://api.bitpreco.com/v1/trading/balance "HTTP/1.1 200 OK"
2024-10-29 07:21:09 , INFO , HTTP Request: POST https://api.bitpreco.com/v1/trading/balance "HTTP/1.1 200 OK"
2024-10-29 07:21:09 , INFO , Último sinal gerado: 0.0
2024-10-29 07:21:10 , INFO , HTTP Request: POST https://api.bitpreco.com/v1/trading/balance "HTTP/1.1 200 OK"
2024-10-29 07:21:10 , INFO , Nenhuma ação necessária no momento.
2024-10-29 07:21:11 , INFO , HTTP Request: POST https://api.bitpreco.com/v1/trading/balance "HTTP/1.1 200 OK"
2024-10-29 07:21:14 , INFO , HTTP Request: GET https://api.bitpreco.com/btc-brl/ticker "HTTP/1.1 200 OK"
2024-10-29 07:21:15 , INFO , HTTP Request: POST https://api.bitpreco.com/v1/trading/balance "HTTP/1.1 200 OK"
2024-10-29 07:21:15 , INFO , HTTP Request: POST https://api.bitpreco.com/v1/trading/balance "HTTP/1.1 200 OK"
2024-10-29 07:21:16 , INFO , HTTP Request: POST https://api.bitpreco.com/v1/trading/balance "HTTP/1.1 200 OK"
2024-10-29 07:21:16 , INFO , Último sinal gerado: 0.0
2024-10-29 07:21:17 , INFO , HTTP Request: POST https://api.bitpreco.com/v1/trading/balance "HTTP/1.1 200 OK"
2024-10-29 07:21:17 , INFO , Nenhuma ação necessária no momento.
2024-10-29 07:25:18 , INFO , HTTP Request: POST https://api.bitpreco.com/v1/trading/balance "HTTP/1.1 200 OK"
2024-10-29 07:25:20 , INFO , HTTP Request: GET https://api.bitpreco.com/btc-brl/ticker "HTTP/1.1 200 OK"
2024-10-29 07:25:21 , INFO , HTTP Request: POST https://api.bitpreco.com/v1/trading/balance "HTTP/1.1 200 OK"
2024-10-29 07:25:22 , INFO , HTTP Request: POST https://api.bitpreco.com/v1/trading/balance "HTTP/1.1 200 OK"
2024-10-29 07:25:23 , INFO , Último sinal gerado: 0.0
2024-10-29 07:25:23 , INFO , HTTP Request: POST https://api.bitpreco.com/v1/trading/balance "HTTP/1.1 200 OK"
2024-10-29 07:25:23 , INFO , Nenhuma ação necessária no momento.
2024-10-29 07:29:19 , INFO , HTTP Request: POST https://api.bitpreco.com/v1/trading/balance "HTTP/1.1 200 OK"
2024-10-29 07:29:24 , INFO , HTTP Request: GET https://api.bitpreco.com/btc-brl/ticker "HTTP/1.1 200 OK"
2024-10-29 07:29:25 , INFO , HTTP Request: POST https://api.bitpreco.com/v1/trading/balance "HTTP/1.1 200 OK"
2024-10-29 07:29:26 , INFO , HTTP Request: POST https://api.bitpreco.com/v1/trading/balance "HTTP/1.1 200 OK"
2024-10-29 07:29:26 , INFO , Último sinal gerado: 0.0
2024-10-29 07:29:27 , INFO , HTTP Request: POST https://api.bitpreco.com/v1/trading/balance "HTTP/1.1 200 OK"
2024-10-29 07:29:27 , INFO , Nenhuma ação necessária no momento.
2024-10-29 07:30:14 , INFO , HTTP Request: POST https://api.bitpreco.com/v1/trading/balance "HTTP/1.1 200 OK"
2024-10-29 07:31:03 , INFO , HTTP Request: POST https://api.bitpreco.com/v1/trading/balance "HTTP/1.1 200 OK"
2024-10-29 07:31:57 , INFO , HTTP Request: POST https://api.bitpreco.com/v1/trading/balance "HTTP/1.1 200 OK"
2024-10-29 07:32:31 , INFO , HTTP Request: POST https://api.bitpreco.com/v1/trading/balance "HTTP/1.1 200 OK"
2024-10-29 07:33:28 , INFO , HTTP Request: GET https://api.bitpreco.com/btc-brl/ticker "HTTP/1.1 200 OK"
2024-10-29 07:33:29 , INFO , HTTP Request: POST https://api.bitpreco.com/v1/trading/balance "HTTP/1.1 200 OK"
2024-10-29 07:33:30 , INFO , HTTP Request: POST https://api.bitpreco.com/v1/trading/balance "HTTP/1.1 200 OK"
2024-10-29 07:33:31 , INFO , Último sinal gerado: 0.0
2024-10-29 07:33:32 , INFO , HTTP Request: POST https://api.bitpreco.com/v1/trading/balance "HTTP/1.1 200 OK"
2024-10-29 07:33:32 , INFO , Nenhuma ação necessária no momento.
2024-10-29 07:35:12 , INFO , HTTP Request: POST https://api.bitpreco.com/v1/trading/balance "HTTP/1.1 200 OK"
2024-10-29 07:36:32 , INFO , HTTP Request: POST https://api.bitpreco.com/v1/trading/balance "HTTP/1.1 200 OK"
2024-10-29 07:36:44 , INFO , HTTP Request: POST https://api.bitpreco.com/v1/trading/balance "HTTP/1.1 200 OK"
2024-10-29 07:36:47 , INFO , HTTP Request: POST https://api.bitpreco.com/v1/trading/balance "HTTP/1.1 200 OK"
2024-10-29 07:36:50 , INFO , HTTP Request: POST https://api.bitpreco.com/v1/trading/balance "HTTP/1.1 200 OK"
2024-10-29 07:36:53 , INFO , HTTP Request: POST https://api.bitpreco.com/v1/trading/balance "HTTP/1.1 200 OK"
2024-10-29 07:36:56 , INFO , HTTP Request: POST https://api.bitpreco.com/v1/trading/balance "HTTP/1.1 200 OK"
2024-10-29 07:37:05 , INFO , Dash is running on http://127.0.0.1:8050/
2024-10-29 07:37:09 , INFO , HTTP Request: GET https://api.bitpreco.com/btc-brl/ticker "HTTP/1.1 200 OK"
2024-10-29 07:37:10 , INFO , HTTP Request: POST https://api.bitpreco.com/v1/trading/balance "HTTP/1.1 200 OK"
2024-10-29 07:37:11 , INFO , HTTP Request: POST https://api.bitpreco.com/v1/trading/balance "HTTP/1.1 200 OK"
2024-10-29 07:37:11 , INFO , Último sinal gerado: 0.0
2024-10-29 07:37:12 , INFO , HTTP Request: POST https://api.bitpreco.com/v1/trading/balance "HTTP/1.1 200 OK"
2024-10-29 07:37:12 , INFO , Nenhuma ação necessária no momento.
2024-10-29 07:37:13 , INFO , HTTP Request: POST https://api.bitpreco.com/v1/trading/balance "HTTP/1.1 200 OK"
2024-10-29 07:37:16 , INFO , HTTP Request: GET https://api.bitpreco.com/btc-brl/ticker "HTTP/1.1 200 OK"
2024-10-29 07:37:17 , INFO , HTTP Request: POST https://api.bitpreco.com/v1/trading/balance "HTTP/1.1 200 OK"
2024-10-29 07:37:17 , INFO , HTTP Request: POST https://api.bitpreco.com/v1/trading/balance "HTTP/1.1 200 OK"
2024-10-29 07:37:17 , INFO , HTTP Request: POST https://api.bitpreco.com/v1/trading/balance "HTTP/1.1 200 OK"
2024-10-29 07:37:18 , INFO , Último sinal gerado: 0.0
2024-10-29 07:37:19 , INFO , HTTP Request: POST https://api.bitpreco.com/v1/trading/balance "HTTP/1.1 200 OK"
2024-10-29 07:37:19 , INFO , Nenhuma ação necessária no momento.
2024-10-29 07:37:19 , INFO , HTTP Request: POST https://api.bitpreco.com/v1/trading/balance "HTTP/1.1 200 OK"
2024-10-29 07:37:23 , INFO , HTTP Request: GET https://api.bitpreco.com/btc-brl/ticker "HTTP/1.1 200 OK"
2024-10-29 07:37:23 , INFO , HTTP Request: POST https://api.bitpreco.com/v1/trading/balance "HTTP/1.1 200 OK"
2024-10-29 07:37:23 , INFO , HTTP Request: POST https://api.bitpreco.com/v1/trading/balance "HTTP/1.1 200 OK"
2024-10-29 07:37:24 , INFO , HTTP Request: POST https://api.bitpreco.com/v1/trading/balance "HTTP/1.1 200 OK"
2024-10-29 07:37:25 , INFO , Último sinal gerado: 0.0
2024-10-29 07:37:26 , INFO , HTTP Request: POST https://api.bitpreco.com/v1/trading/balance "HTTP/1.1 200 OK"
2024-10-29 07:37:26 , INFO , HTTP Request: POST https://api.bitpreco.com/v1/trading/balance "HTTP/1.1 200 OK"
2024-10-29 07:37:26 , INFO , Nenhuma ação necessária no momento.
2024-10-29 07:37:28 , INFO , HTTP Request: POST https://api.bitpreco.com/v1/trading/balance "HTTP/1.1 200 OK"
2024-10-29 07:37:29 , INFO , HTTP Request: GET https://api.bitpreco.com/btc-brl/ticker "HTTP/1.1 200 OK"
2024-10-29 07:37:30 , INFO , HTTP Request: POST https://api.bitpreco.com/v1/trading/balance "HTTP/1.1 200 OK"
2024-10-29 07:37:31 , INFO , HTTP Request: POST https://api.bitpreco.com/v1/trading/balance "HTTP/1.1 200 OK"
2024-10-29 07:37:32 , INFO , HTTP Request: POST https://api.bitpreco.com/v1/trading/balance "HTTP/1.1 200 OK"
2024-10-29 07:37:32 , INFO , Último sinal gerado: 0.0
2024-10-29 07:37:33 , INFO , HTTP Request: POST https://api.bitpreco.com/v1/trading/balance "HTTP/1.1 200 OK"
2024-10-29 07:37:33 , INFO , Nenhuma ação necessária no momento.
2024-10-29 07:37:34 , INFO , HTTP Request: POST https://api.bitpreco.com/v1/trading/balance "HTTP/1.1 200 OK"
2024-10-29 07:37:37 , INFO , HTTP Request: GET https://api.bitpreco.com/btc-brl/ticker "HTTP/1.1 200 OK"
2024-10-29 07:37:38 , INFO , HTTP Request: POST https://api.bitpreco.com/v1/trading/balance "HTTP/1.1 200 OK"
2024-10-29 07:37:38 , INFO , HTTP Request: POST https://api.bitpreco.com/v1/trading/balance "HTTP/1.1 200 OK"
2024-10-29 07:37:39 , INFO , HTTP Request: POST https://api.bitpreco.com/v1/trading/balance "HTTP/1.1 200 OK"
2024-10-29 07:37:39 , INFO , Último sinal gerado: 0.0
2024-10-29 07:37:40 , INFO , HTTP Request: POST https://api.bitpreco.com/v1/trading/balance "HTTP/1.1 200 OK"
2024-10-29 07:37:40 , INFO , Nenhuma ação necessária no momento.
2024-10-29 07:37:41 , INFO , HTTP Request: POST https://api.bitpreco.com/v1/trading/balance "HTTP/1.1 200 OK"
2024-10-29 07:37:43 , INFO , HTTP Request: POST https://api.bitpreco.com/v1/trading/balance "HTTP/1.1 200 OK"
2024-10-29 07:37:43 , INFO , HTTP Request: GET https://api.bitpreco.com/btc-brl/ticker "HTTP/1.1 200 OK"
2024-10-29 07:37:44 , INFO , HTTP Request: POST https://api.bitpreco.com/v1/trading/balance "HTTP/1.1 200 OK"
2024-10-29 07:37:45 , INFO , HTTP Request: POST https://api.bitpreco.com/v1/trading/balance "HTTP/1.1 200 OK"
2024-10-29 07:37:45 , INFO , Último sinal gerado: 0.0
2024-10-29 07:37:47 , INFO , HTTP Request: POST https://api.bitpreco.com/v1/trading/balance "HTTP/1.1 200 OK"
2024-10-29 07:37:47 , INFO , Nenhuma ação necessária no momento.
2024-10-29 07:37:47 , INFO , HTTP Request: POST https://api.bitpreco.com/v1/trading/balance "HTTP/1.1 200 OK"
2024-10-29 07:37:49 , INFO , HTTP Request: POST https://api.bitpreco.com/v1/trading/balance "HTTP/1.1 200 OK"
2024-10-29 07:37:50 , INFO , HTTP Request: GET https://api.bitpreco.com/btc-brl/ticker "HTTP/1.1 200 OK"
2024-10-29 07:37:51 , INFO , HTTP Request: POST https://api.bitpreco.com/v1/trading/balance "HTTP/1.1 200 OK"
2024-10-29 07:37:52 , INFO , HTTP Request: POST https://api.bitpreco.com/v1/trading/balance "HTTP/1.1 200 OK"
2024-10-29 07:37:52 , INFO , Último sinal gerado: 0.0
2024-10-29 07:37:53 , INFO , HTTP Request: POST https://api.bitpreco.com/v1/trading/balance "HTTP/1.1 200 OK"
2024-10-29 07:37:53 , INFO , HTTP Request: POST https://api.bitpreco.com/v1/trading/balance "HTTP/1.1 200 OK"
2024-10-29 07:37:53 , INFO , Nenhuma ação necessária no momento.
2024-10-29 07:37:56 , INFO , HTTP Request: POST https://api.bitpreco.com/v1/trading/balance "HTTP/1.1 200 OK"
2024-10-29 07:37:57 , INFO , HTTP Request: GET https://api.bitpreco.com/btc-brl/ticker "HTTP/1.1 200 OK"
2024-10-29 07:37:58 , INFO , HTTP Request: POST https://api.bitpreco.com/v1/trading/balance "HTTP/1.1 200 OK"
2024-10-29 07:37:59 , INFO , HTTP Request: POST https://api.bitpreco.com/v1/trading/balance "HTTP/1.1 200 OK"
2024-10-29 07:37:59 , INFO , HTTP Request: POST https://api.bitpreco.com/v1/trading/balance "HTTP/1.1 200 OK"
2024-10-29 07:37:59 , INFO , Último sinal gerado: 0.0
2024-10-29 07:38:00 , INFO , HTTP Request: POST https://api.bitpreco.com/v1/trading/balance "HTTP/1.1 200 OK"
2024-10-29 07:38:00 , INFO , Nenhuma ação necessária no momento.
2024-10-29 07:38:02 , INFO , HTTP Request: POST https://api.bitpreco.com/v1/trading/balance "HTTP/1.1 200 OK"
2024-10-29 07:38:04 , INFO , HTTP Request: GET https://api.bitpreco.com/btc-brl/ticker "HTTP/1.1 200 OK"
2024-10-29 07:38:05 , INFO , HTTP Request: POST https://api.bitpreco.com/v1/trading/balance "HTTP/1.1 200 OK"
2024-10-29 07:38:06 , INFO , HTTP Request: POST https://api.bitpreco.com/v1/trading/balance "HTTP/1.1 200 OK"
2024-10-29 07:38:07 , INFO , HTTP Request: POST https://api.bitpreco.com/v1/trading/balance "HTTP/1.1 200 OK"
2024-10-29 07:38:07 , INFO , Último sinal gerado: 0.0
2024-10-29 07:38:08 , INFO , HTTP Request: POST https://api.bitpreco.com/v1/trading/balance "HTTP/1.1 200 OK"
2024-10-29 07:38:08 , INFO , HTTP Request: POST https://api.bitpreco.com/v1/trading/balance "HTTP/1.1 200 OK"
2024-10-29 07:38:08 , INFO , Nenhuma ação necessária no momento.
2024-10-29 07:38:11 , INFO , HTTP Request: POST https://api.bitpreco.com/v1/trading/balance "HTTP/1.1 200 OK"
2024-10-29 07:38:12 , INFO , HTTP Request: GET https://api.bitpreco.com/btc-brl/ticker "HTTP/1.1 200 OK"
2024-10-29 07:38:12 , INFO , HTTP Request: POST https://api.bitpreco.com/v1/trading/balance "HTTP/1.1 200 OK"
2024-10-29 07:38:13 , INFO , HTTP Request: POST https://api.bitpreco.com/v1/trading/balance "HTTP/1.1 200 OK"
2024-10-29 07:38:14 , INFO , HTTP Request: POST https://api.bitpreco.com/v1/trading/balance "HTTP/1.1 200 OK"
2024-10-29 07:38:14 , INFO , Último sinal gerado: 0.0
2024-10-29 07:38:15 , INFO , HTTP Request: POST https://api.bitpreco.com/v1/trading/balance "HTTP/1.1 200 OK"
2024-10-29 07:38:15 , INFO , Nenhuma ação necessária no momento.
2024-10-29 07:38:17 , INFO , HTTP Request: POST https://api.bitpreco.com/v1/trading/balance "HTTP/1.1 200 OK"
2024-10-29 07:38:18 , INFO , HTTP Request: GET https://api.bitpreco.com/btc-brl/ticker "HTTP/1.1 200 OK"
2024-10-29 07:38:19 , INFO , HTTP Request: POST https://api.bitpreco.com/v1/trading/balance "HTTP/1.1 200 OK"
2024-10-29 07:38:20 , INFO , HTTP Request: POST https://api.bitpreco.com/v1/trading/balance "HTTP/1.1 200 OK"
2024-10-29 07:38:20 , INFO , HTTP Request: POST https://api.bitpreco.com/v1/trading/balance "HTTP/1.1 200 OK"
2024-10-29 07:38:21 , INFO , Último sinal gerado: 0.0
2024-10-29 07:38:22 , INFO , HTTP Request: POST https://api.bitpreco.com/v1/trading/balance "HTTP/1.1 200 OK"
2024-10-29 07:38:22 , INFO , Nenhuma ação necessária no momento.
2024-10-29 07:38:23 , INFO , HTTP Request: POST https://api.bitpreco.com/v1/trading/balance "HTTP/1.1 200 OK"
2024-10-29 07:38:26 , INFO , HTTP Request: GET https://api.bitpreco.com/btc-brl/ticker "HTTP/1.1 200 OK"
2024-10-29 07:38:26 , INFO , HTTP Request: POST https://api.bitpreco.com/v1/trading/balance "HTTP/1.1 200 OK"
2024-10-29 07:38:27 , INFO , HTTP Request: POST https://api.bitpreco.com/v1/trading/balance "HTTP/1.1 200 OK"
2024-10-29 07:38:27 , INFO , HTTP Request: POST https://api.bitpreco.com/v1/trading/balance "HTTP/1.1 200 OK"
2024-10-29 07:38:28 , INFO , Último sinal gerado: 0.0
2024-10-29 07:38:29 , INFO , HTTP Request: POST https://api.bitpreco.com/v1/trading/balance "HTTP/1.1 200 OK"
2024-10-29 07:38:29 , INFO , HTTP Request: POST https://api.bitpreco.com/v1/trading/balance "HTTP/1.1 200 OK"
2024-10-29 07:38:29 , INFO , Nenhuma ação necessária no momento.
2024-10-29 07:38:32 , INFO , HTTP Request: POST https://api.bitpreco.com/v1/trading/balance "HTTP/1.1 200 OK"
2024-10-29 07:38:33 , INFO , HTTP Request: GET https://api.bitpreco.com/btc-brl/ticker "HTTP/1.1 200 OK"
2024-10-29 07:38:33 , INFO , HTTP Request: POST https://api.bitpreco.com/v1/trading/balance "HTTP/1.1 200 OK"
2024-10-29 07:38:35 , INFO , HTTP Request: POST https://api.bitpreco.com/v1/trading/balance "HTTP/1.1 200 OK"
2024-10-29 07:38:35 , INFO , HTTP Request: POST https://api.bitpreco.com/v1/trading/balance "HTTP/1.1 200 OK"
2024-10-29 07:38:35 , INFO , Último sinal gerado: 0.0
2024-10-29 07:38:36 , INFO , HTTP Request: POST https://api.bitpreco.com/v1/trading/balance "HTTP/1.1 200 OK"
2024-10-29 07:38:36 , INFO , Nenhuma ação necessária no momento.
2024-10-29 07:38:38 , INFO , HTTP Request: POST https://api.bitpreco.com/v1/trading/balance "HTTP/1.1 200 OK"
2024-10-29 07:38:39 , INFO , HTTP Request: GET https://api.bitpreco.com/btc-brl/ticker "HTTP/1.1 200 OK"
2024-10-29 07:38:41 , INFO , HTTP Request: POST https://api.bitpreco.com/v1/trading/balance "HTTP/1.1 200 OK"
2024-10-29 07:38:41 , INFO , HTTP Request: POST https://api.bitpreco.com/v1/trading/balance "HTTP/1.1 200 OK"
2024-10-29 07:38:42 , INFO , HTTP Request: POST https://api.bitpreco.com/v1/trading/balance "HTTP/1.1 200 OK"
2024-10-29 07:38:42 , INFO , Último sinal gerado: 0.0
2024-10-29 07:38:43 , INFO , HTTP Request: POST https://api.bitpreco.com/v1/trading/balance "HTTP/1.1 200 OK"
2024-10-29 07:38:43 , INFO , Nenhuma ação necessária no momento.
2024-10-29 07:38:44 , INFO , HTTP Request: POST https://api.bitpreco.com/v1/trading/balance "HTTP/1.1 200 OK"
2024-10-29 07:38:47 , INFO , HTTP Request: GET https://api.bitpreco.com/btc-brl/ticker "HTTP/1.1 200 OK"
2024-10-29 07:38:47 , INFO , HTTP Request: POST https://api.bitpreco.com/v1/trading/balance "HTTP/1.1 200 OK"
2024-10-29 07:38:48 , INFO , HTTP Request: POST https://api.bitpreco.com/v1/trading/balance "HTTP/1.1 200 OK"
2024-10-29 07:38:48 , INFO , HTTP Request: POST https://api.bitpreco.com/v1/trading/balance "HTTP/1.1 200 OK"
2024-10-29 07:38:49 , INFO , Último sinal gerado: 0.0
2024-10-29 07:38:50 , INFO , HTTP Request: POST https://api.bitpreco.com/v1/trading/balance "HTTP/1.1 200 OK"
2024-10-29 07:38:50 , INFO , HTTP Request: POST https://api.bitpreco.com/v1/trading/balance "HTTP/1.1 200 OK"
2024-10-29 07:38:50 , INFO , Nenhuma ação necessária no momento.
2024-10-29 07:38:52 , INFO , HTTP Request: POST https://api.bitpreco.com/v1/trading/balance "HTTP/1.1 200 OK"
2024-10-29 07:38:54 , INFO , HTTP Request: GET https://api.bitpreco.com/btc-brl/ticker "HTTP/1.1 200 OK"
2024-10-29 07:38:54 , INFO , HTTP Request: POST https://api.bitpreco.com/v1/trading/balance "HTTP/1.1 200 OK"
2024-10-29 07:38:56 , INFO , HTTP Request: POST https://api.bitpreco.com/v1/trading/balance "HTTP/1.1 200 OK"
2024-10-29 07:38:56 , INFO , HTTP Request: POST https://api.bitpreco.com/v1/trading/balance "HTTP/1.1 200 OK"
2024-10-29 07:38:56 , INFO , Último sinal gerado: 0.0
2024-10-29 07:38:57 , INFO , HTTP Request: POST https://api.bitpreco.com/v1/trading/balance "HTTP/1.1 200 OK"
2024-10-29 07:38:57 , INFO , Nenhuma ação necessária no momento.
2024-10-29 07:38:59 , INFO , HTTP Request: POST https://api.bitpreco.com/v1/trading/balance "HTTP/1.1 200 OK"
2024-10-29 07:39:00 , INFO , HTTP Request: GET https://api.bitpreco.com/btc-brl/ticker "HTTP/1.1 200 OK"
2024-10-29 07:39:02 , INFO , HTTP Request: POST https://api.bitpreco.com/v1/trading/balance "HTTP/1.1 200 OK"
2024-10-29 07:39:02 , INFO , HTTP Request: POST https://api.bitpreco.com/v1/trading/balance "HTTP/1.1 200 OK"
2024-10-29 07:39:02 , INFO , HTTP Request: POST https://api.bitpreco.com/v1/trading/balance "HTTP/1.1 200 OK"
2024-10-29 07:39:03 , INFO , Último sinal gerado: 0.0
2024-10-29 07:39:04 , INFO , HTTP Request: POST https://api.bitpreco.com/v1/trading/balance "HTTP/1.1 200 OK"
2024-10-29 07:39:04 , INFO , Nenhuma ação necessária no momento.
2024-10-29 07:39:21 , INFO , HTTP Request: POST https://api.bitpreco.com/v1/trading/balance "HTTP/1.1 200 OK"
2024-10-29 07:39:31 , INFO , HTTP Request: POST https://api.bitpreco.com/v1/trading/balance "HTTP/1.1 200 OK"
2024-10-29 07:39:41 , INFO , HTTP Request: POST https://api.bitpreco.com/v1/trading/balance "HTTP/1.1 200 OK"
2024-10-29 07:39:53 , INFO , HTTP Request: POST https://api.bitpreco.com/v1/trading/balance "HTTP/1.1 200 OK"
2024-10-29 07:39:54 , INFO , HTTP Request: GET https://api.bitpreco.com/btc-brl/ticker "HTTP/1.1 200 OK"
2024-10-29 07:39:55 , INFO , HTTP Request: POST https://api.bitpreco.com/v1/trading/balance "HTTP/1.1 200 OK"
2024-10-29 07:39:56 , INFO , HTTP Request: POST https://api.bitpreco.com/v1/trading/balance "HTTP/1.1 200 OK"
2024-10-29 07:39:56 , INFO , Último sinal gerado: 0.0
2024-10-29 07:39:57 , INFO , HTTP Request: POST https://api.bitpreco.com/v1/trading/balance "HTTP/1.1 200 OK"
2024-10-29 07:39:57 , INFO , Nenhuma ação necessária no momento.
2024-10-29 07:40:02 , INFO , HTTP Request: POST https://api.bitpreco.com/v1/trading/balance "HTTP/1.1 200 OK"
2024-10-29 07:40:08 , INFO , HTTP Request: GET https://api.bitpreco.com/btc-brl/ticker "HTTP/1.1 200 OK"
2024-10-29 07:40:09 , INFO , HTTP Request: POST https://api.bitpreco.com/v1/trading/balance "HTTP/1.1 200 OK"
2024-10-29 07:40:09 , INFO , HTTP Request: POST https://api.bitpreco.com/v1/trading/balance "HTTP/1.1 200 OK"
2024-10-29 07:40:10 , INFO , Último sinal gerado: 0.0
2024-10-29 07:40:11 , INFO , HTTP Request: POST https://api.bitpreco.com/v1/trading/balance "HTTP/1.1 200 OK"
2024-10-29 07:40:11 , INFO , Nenhuma ação necessária no momento.
2024-10-29 07:40:12 , INFO , HTTP Request: POST https://api.bitpreco.com/v1/trading/balance "HTTP/1.1 200 OK"
2024-10-29 07:40:21 , INFO , HTTP Request: GET https://api.bitpreco.com/btc-brl/ticker "HTTP/1.1 200 OK"
2024-10-29 07:40:22 , INFO , HTTP Request: POST https://api.bitpreco.com/v1/trading/balance "HTTP/1.1 200 OK"
2024-10-29 07:40:22 , INFO , HTTP Request: POST https://api.bitpreco.com/v1/trading/balance "HTTP/1.1 200 OK"
2024-10-29 07:40:23 , INFO , HTTP Request: POST https://api.bitpreco.com/v1/trading/balance "HTTP/1.1 200 OK"
2024-10-29 07:40:24 , INFO , Último sinal gerado: 0.0
2024-10-29 07:40:24 , INFO , HTTP Request: POST https://api.bitpreco.com/v1/trading/balance "HTTP/1.1 200 OK"
2024-10-29 07:40:24 , INFO , Nenhuma ação necessária no momento.
2024-10-29 07:40:32 , INFO , HTTP Request: POST https://api.bitpreco.com/v1/trading/balance "HTTP/1.1 200 OK"
2024-10-29 07:40:35 , INFO , HTTP Request: GET https://api.bitpreco.com/btc-brl/ticker "HTTP/1.1 200 OK"
2024-10-29 07:40:36 , INFO , HTTP Request: POST https://api.bitpreco.com/v1/trading/balance "HTTP/1.1 200 OK"
2024-10-29 07:40:37 , INFO , HTTP Request: POST https://api.bitpreco.com/v1/trading/balance "HTTP/1.1 200 OK"
2024-10-29 07:40:37 , INFO , Último sinal gerado: 0.0
2024-10-29 07:40:38 , INFO , HTTP Request: POST https://api.bitpreco.com/v1/trading/balance "HTTP/1.1 200 OK"
2024-10-29 07:40:38 , INFO , Nenhuma ação necessária no momento.
2024-10-29 07:40:49 , INFO , HTTP Request: GET https://api.bitpreco.com/btc-brl/ticker "HTTP/1.1 200 OK"
2024-10-29 07:40:49 , INFO , HTTP Request: POST https://api.bitpreco.com/v1/trading/balance "HTTP/1.1 200 OK"
2024-10-29 07:40:50 , INFO , HTTP Request: POST https://api.bitpreco.com/v1/trading/balance "HTTP/1.1 200 OK"
2024-10-29 07:40:51 , INFO , Último sinal gerado: 0.0
2024-10-29 07:40:52 , INFO , HTTP Request: POST https://api.bitpreco.com/v1/trading/balance "HTTP/1.1 200 OK"
2024-10-29 07:40:52 , INFO , Nenhuma ação necessária no momento.
2024-10-29 07:41:00 , INFO , Dash is running on http://127.0.0.1:8050/
2024-10-29 07:41:03 , INFO , HTTP Request: GET https://api.bitpreco.com/btc-brl/ticker "HTTP/1.1 200 OK"
2024-10-29 07:41:04 , INFO , HTTP Request: POST https://api.bitpreco.com/v1/trading/balance "HTTP/1.1 200 OK"
2024-10-29 07:41:05 , INFO , HTTP Request: POST https://api.bitpreco.com/v1/trading/balance "HTTP/1.1 200 OK"
2024-10-29 07:41:06 , INFO , Último sinal gerado: 0.0
2024-10-29 07:41:06 , INFO , HTTP Request: POST https://api.bitpreco.com/v1/trading/balance "HTTP/1.1 200 OK"
2024-10-29 07:41:07 , INFO , HTTP Request: POST https://api.bitpreco.com/v1/trading/balance "HTTP/1.1 200 OK"
2024-10-29 07:41:07 , INFO , Nenhuma ação necessária no momento.
2024-10-29 07:41:17 , INFO , HTTP Request: POST https://api.bitpreco.com/v1/trading/balance "HTTP/1.1 200 OK"
2024-10-29 07:41:18 , INFO , HTTP Request: GET https://api.bitpreco.com/btc-brl/ticker "HTTP/1.1 200 OK"
2024-10-29 07:41:19 , INFO , HTTP Request: POST https://api.bitpreco.com/v1/trading/balance "HTTP/1.1 200 OK"
2024-10-29 07:41:20 , INFO , HTTP Request: POST https://api.bitpreco.com/v1/trading/balance "HTTP/1.1 200 OK"
2024-10-29 07:41:20 , INFO , Último sinal gerado: 0.0
2024-10-29 07:41:21 , INFO , HTTP Request: POST https://api.bitpreco.com/v1/trading/balance "HTTP/1.1 200 OK"
2024-10-29 07:41:21 , INFO , Nenhuma ação necessária no momento.
2024-10-29 07:41:26 , INFO , HTTP Request: POST https://api.bitpreco.com/v1/trading/balance "HTTP/1.1 200 OK"
2024-10-29 07:41:32 , INFO , HTTP Request: GET https://api.bitpreco.com/btc-brl/ticker "HTTP/1.1 200 OK"
2024-10-29 07:41:33 , INFO , HTTP Request: POST https://api.bitpreco.com/v1/trading/balance "HTTP/1.1 200 OK"
2024-10-29 07:41:34 , INFO , HTTP Request: POST https://api.bitpreco.com/v1/trading/balance "HTTP/1.1 200 OK"
2024-10-29 07:41:35 , INFO , Último sinal gerado: 0.0
2024-10-29 07:41:36 , INFO , HTTP Request: POST https://api.bitpreco.com/v1/trading/balance "HTTP/1.1 200 OK"
2024-10-29 07:41:36 , INFO , Nenhuma ação necessária no momento.
2024-10-29 07:41:36 , INFO , HTTP Request: POST https://api.bitpreco.com/v1/trading/balance "HTTP/1.1 200 OK"
2024-10-29 07:41:47 , INFO , HTTP Request: POST https://api.bitpreco.com/v1/trading/balance "HTTP/1.1 200 OK"
2024-10-29 07:41:47 , INFO , HTTP Request: GET https://api.bitpreco.com/btc-brl/ticker "HTTP/1.1 200 OK"
2024-10-29 07:41:48 , INFO , HTTP Request: POST https://api.bitpreco.com/v1/trading/balance "HTTP/1.1 200 OK"
2024-10-29 07:41:49 , INFO , HTTP Request: POST https://api.bitpreco.com/v1/trading/balance "HTTP/1.1 200 OK"
2024-10-29 07:41:49 , INFO , Último sinal gerado: 0.0
2024-10-29 07:41:50 , INFO , HTTP Request: POST https://api.bitpreco.com/v1/trading/balance "HTTP/1.1 200 OK"
2024-10-29 07:41:50 , INFO , Nenhuma ação necessária no momento.
2024-10-29 07:41:57 , INFO , HTTP Request: POST https://api.bitpreco.com/v1/trading/balance "HTTP/1.1 200 OK"
2024-10-29 07:42:01 , INFO , HTTP Request: GET https://api.bitpreco.com/btc-brl/ticker "HTTP/1.1 200 OK"
2024-10-29 07:42:02 , INFO , HTTP Request: POST https://api.bitpreco.com/v1/trading/balance "HTTP/1.1 200 OK"
2024-10-29 07:42:03 , INFO , HTTP Request: POST https://api.bitpreco.com/v1/trading/balance "HTTP/1.1 200 OK"
2024-10-29 07:42:04 , INFO , Último sinal gerado: 0.0
2024-10-29 07:42:05 , INFO , HTTP Request: POST https://api.bitpreco.com/v1/trading/balance "HTTP/1.1 200 OK"
2024-10-29 07:42:05 , INFO , Nenhuma ação necessária no momento.
2024-10-29 07:42:06 , INFO , HTTP Request: POST https://api.bitpreco.com/v1/trading/balance "HTTP/1.1 200 OK"
2024-10-29 07:42:16 , INFO , HTTP Request: GET https://api.bitpreco.com/btc-brl/ticker "HTTP/1.1 200 OK"
2024-10-29 07:42:17 , INFO , HTTP Request: POST https://api.bitpreco.com/v1/trading/balance "HTTP/1.1 200 OK"
2024-10-29 07:42:18 , INFO , HTTP Request: POST https://api.bitpreco.com/v1/trading/balance "HTTP/1.1 200 OK"
2024-10-29 07:42:18 , INFO , Último sinal gerado: 0.0
2024-10-29 07:42:19 , INFO , HTTP Request: POST https://api.bitpreco.com/v1/trading/balance "HTTP/1.1 200 OK"
2024-10-29 07:42:19 , INFO , Nenhuma ação necessária no momento.
2024-10-29 07:42:30 , INFO , HTTP Request: GET https://api.bitpreco.com/btc-brl/ticker "HTTP/1.1 200 OK"
2024-10-29 07:42:32 , INFO , HTTP Request: POST https://api.bitpreco.com/v1/trading/balance "HTTP/1.1 200 OK"
2024-10-29 07:42:33 , INFO , HTTP Request: POST https://api.bitpreco.com/v1/trading/balance "HTTP/1.1 200 OK"
2024-10-29 07:42:33 , INFO , Último sinal gerado: 0.0
2024-10-29 07:42:34 , INFO , HTTP Request: POST https://api.bitpreco.com/v1/trading/balance "HTTP/1.1 200 OK"
2024-10-29 07:42:34 , INFO , Nenhuma ação necessária no momento.
2024-10-29 07:42:45 , INFO , HTTP Request: GET https://api.bitpreco.com/btc-brl/ticker "HTTP/1.1 200 OK"
2024-10-29 07:42:46 , INFO , HTTP Request: POST https://api.bitpreco.com/v1/trading/balance "HTTP/1.1 200 OK"
2024-10-29 07:42:48 , INFO , HTTP Request: POST https://api.bitpreco.com/v1/trading/balance "HTTP/1.1 200 OK"
2024-10-29 07:42:48 , INFO , Último sinal gerado: 0.0
2024-10-29 07:42:49 , INFO , HTTP Request: POST https://api.bitpreco.com/v1/trading/balance "HTTP/1.1 200 OK"
2024-10-29 07:42:49 , INFO , Nenhuma ação necessária no momento.
2024-10-29 07:43:00 , INFO , HTTP Request: GET https://api.bitpreco.com/btc-brl/ticker "HTTP/1.1 200 OK"
2024-10-29 07:43:01 , INFO , HTTP Request: POST https://api.bitpreco.com/v1/trading/balance "HTTP/1.1 200 OK"
2024-10-29 07:43:03 , INFO , HTTP Request: POST https://api.bitpreco.com/v1/trading/balance "HTTP/1.1 200 OK"
2024-10-29 07:43:03 , INFO , Último sinal gerado: 0.0
2024-10-29 07:43:05 , INFO , HTTP Request: POST https://api.bitpreco.com/v1/trading/balance "HTTP/1.1 200 OK"
2024-10-29 07:43:05 , INFO , Nenhuma ação necessária no momento.
2024-10-29 07:43:16 , INFO , HTTP Request: GET https://api.bitpreco.com/btc-brl/ticker "HTTP/1.1 200 OK"
2024-10-29 07:43:17 , INFO , HTTP Request: POST https://api.bitpreco.com/v1/trading/balance "HTTP/1.1 200 OK"
2024-10-29 07:43:18 , INFO , HTTP Request: POST https://api.bitpreco.com/v1/trading/balance "HTTP/1.1 200 OK"
2024-10-29 07:43:19 , INFO , Último sinal gerado: 0.0
2024-10-29 07:43:20 , INFO , HTTP Request: POST https://api.bitpreco.com/v1/trading/balance "HTTP/1.1 200 OK"
2024-10-29 07:43:20 , INFO , Nenhuma ação necessária no momento.
2024-10-29 07:43:31 , INFO , HTTP Request: GET https://api.bitpreco.com/btc-brl/ticker "HTTP/1.1 200 OK"
2024-10-29 07:43:32 , INFO , HTTP Request: POST https://api.bitpreco.com/v1/trading/balance "HTTP/1.1 200 OK"
2024-10-29 07:43:33 , INFO , HTTP Request: POST https://api.bitpreco.com/v1/trading/balance "HTTP/1.1 200 OK"
2024-10-29 07:43:34 , INFO , Último sinal gerado: 0.0
2024-10-29 07:43:35 , INFO , HTTP Request: POST https://api.bitpreco.com/v1/trading/balance "HTTP/1.1 200 OK"
2024-10-29 07:43:35 , INFO , Nenhuma ação necessária no momento.
2024-10-29 07:43:46 , INFO , HTTP Request: GET https://api.bitpreco.com/btc-brl/ticker "HTTP/1.1 200 OK"
2024-10-29 07:43:47 , INFO , HTTP Request: POST https://api.bitpreco.com/v1/trading/balance "HTTP/1.1 200 OK"
2024-10-29 07:43:48 , INFO , HTTP Request: POST https://api.bitpreco.com/v1/trading/balance "HTTP/1.1 200 OK"
2024-10-29 07:43:49 , INFO , Último sinal gerado: 0.0
2024-10-29 07:43:50 , INFO , HTTP Request: POST https://api.bitpreco.com/v1/trading/balance "HTTP/1.1 200 OK"
2024-10-29 07:43:50 , INFO , Nenhuma ação necessária no momento.
2024-10-29 07:44:01 , INFO , HTTP Request: GET https://api.bitpreco.com/btc-brl/ticker "HTTP/1.1 200 OK"
2024-10-29 07:44:02 , INFO , HTTP Request: POST https://api.bitpreco.com/v1/trading/balance "HTTP/1.1 200 OK"
2024-10-29 07:44:03 , INFO , HTTP Request: POST https://api.bitpreco.com/v1/trading/balance "HTTP/1.1 200 OK"
2024-10-29 07:44:04 , INFO , Último sinal gerado: 0.0
2024-10-29 07:44:05 , INFO , HTTP Request: POST https://api.bitpreco.com/v1/trading/balance "HTTP/1.1 200 OK"
2024-10-29 07:44:05 , INFO , Nenhuma ação necessária no momento.
2024-10-29 07:44:16 , INFO , HTTP Request: GET https://api.bitpreco.com/btc-brl/ticker "HTTP/1.1 200 OK"
2024-10-29 07:44:17 , INFO , HTTP Request: POST https://api.bitpreco.com/v1/trading/balance "HTTP/1.1 200 OK"
2024-10-29 07:44:18 , INFO , HTTP Request: POST https://api.bitpreco.com/v1/trading/balance "HTTP/1.1 200 OK"
2024-10-29 07:44:19 , INFO , Último sinal gerado: 0.0
2024-10-29 07:44:20 , INFO , HTTP Request: POST https://api.bitpreco.com/v1/trading/balance "HTTP/1.1 200 OK"
2024-10-29 07:44:20 , INFO , Nenhuma ação necessária no momento.
2024-10-29 07:44:30 , INFO , HTTP Request: GET https://api.bitpreco.com/btc-brl/ticker "HTTP/1.1 200 OK"
2024-10-29 07:44:32 , INFO , HTTP Request: POST https://api.bitpreco.com/v1/trading/balance "HTTP/1.1 200 OK"
2024-10-29 07:44:33 , INFO , HTTP Request: POST https://api.bitpreco.com/v1/trading/balance "HTTP/1.1 200 OK"
2024-10-29 07:44:33 , INFO , Último sinal gerado: 0.0
2024-10-29 07:44:34 , INFO , HTTP Request: POST https://api.bitpreco.com/v1/trading/balance "HTTP/1.1 200 OK"
2024-10-29 07:44:34 , INFO , Nenhuma ação necessária no momento.
2024-10-29 07:44:45 , INFO , HTTP Request: GET https://api.bitpreco.com/btc-brl/ticker "HTTP/1.1 200 OK"
2024-10-29 07:44:46 , INFO , HTTP Request: POST https://api.bitpreco.com/v1/trading/balance "HTTP/1.1 200 OK"
2024-10-29 07:44:47 , INFO , HTTP Request: POST https://api.bitpreco.com/v1/trading/balance "HTTP/1.1 200 OK"
2024-10-29 07:44:48 , INFO , Último sinal gerado: 0.0
2024-10-29 07:44:49 , INFO , HTTP Request: POST https://api.bitpreco.com/v1/trading/balance "HTTP/1.1 200 OK"
2024-10-29 07:44:49 , INFO , Nenhuma ação necessária no momento.
2024-10-29 07:45:00 , INFO , HTTP Request: GET https://api.bitpreco.com/btc-brl/ticker "HTTP/1.1 200 OK"
2024-10-29 07:45:01 , INFO , HTTP Request: POST https://api.bitpreco.com/v1/trading/balance "HTTP/1.1 200 OK"
2024-10-29 07:45:02 , INFO , HTTP Request: POST https://api.bitpreco.com/v1/trading/balance "HTTP/1.1 200 OK"
2024-10-29 07:45:02 , INFO , Último sinal gerado: 0.0
2024-10-29 07:45:04 , INFO , HTTP Request: POST https://api.bitpreco.com/v1/trading/balance "HTTP/1.1 200 OK"
2024-10-29 07:45:04 , INFO , Nenhuma ação necessária no momento.
2024-10-29 07:45:14 , INFO , HTTP Request: GET https://api.bitpreco.com/btc-brl/ticker "HTTP/1.1 200 OK"
2024-10-29 07:45:16 , INFO , HTTP Request: POST https://api.bitpreco.com/v1/trading/balance "HTTP/1.1 200 OK"
2024-10-29 07:45:17 , INFO , HTTP Request: POST https://api.bitpreco.com/v1/trading/balance "HTTP/1.1 200 OK"
2024-10-29 07:45:18 , INFO , Último sinal gerado: 0.0
2024-10-29 07:45:19 , INFO , HTTP Request: POST https://api.bitpreco.com/v1/trading/balance "HTTP/1.1 200 OK"
2024-10-29 07:45:19 , INFO , Nenhuma ação necessária no momento.
2024-10-29 07:45:30 , INFO , HTTP Request: GET https://api.bitpreco.com/btc-brl/ticker "HTTP/1.1 200 OK"
2024-10-29 07:45:31 , INFO , HTTP Request: POST https://api.bitpreco.com/v1/trading/balance "HTTP/1.1 200 OK"
2024-10-29 07:45:32 , INFO , HTTP Request: POST https://api.bitpreco.com/v1/trading/balance "HTTP/1.1 200 OK"
2024-10-29 07:45:32 , INFO , Último sinal gerado: 0.0
2024-10-29 07:45:33 , INFO , HTTP Request: POST https://api.bitpreco.com/v1/trading/balance "HTTP/1.1 200 OK"
2024-10-29 07:45:33 , INFO , Nenhuma ação necessária no momento.
2024-10-29 07:45:44 , INFO , HTTP Request: GET https://api.bitpreco.com/btc-brl/ticker "HTTP/1.1 200 OK"
2024-10-29 07:45:45 , INFO , HTTP Request: POST https://api.bitpreco.com/v1/trading/balance "HTTP/1.1 200 OK"
2024-10-29 07:45:46 , INFO , HTTP Request: POST https://api.bitpreco.com/v1/trading/balance "HTTP/1.1 200 OK"
2024-10-29 07:45:47 , INFO , Último sinal gerado: 0.0
2024-10-29 07:45:48 , INFO , HTTP Request: POST https://api.bitpreco.com/v1/trading/balance "HTTP/1.1 200 OK"
2024-10-29 07:45:48 , INFO , Nenhuma ação necessária no momento.
2024-10-29 07:45:59 , INFO , HTTP Request: GET https://api.bitpreco.com/btc-brl/ticker "HTTP/1.1 200 OK"
2024-10-29 07:46:00 , INFO , HTTP Request: POST https://api.bitpreco.com/v1/trading/balance "HTTP/1.1 200 OK"
2024-10-29 07:46:01 , INFO , HTTP Request: POST https://api.bitpreco.com/v1/trading/balance "HTTP/1.1 200 OK"
2024-10-29 07:46:01 , INFO , Último sinal gerado: 0.0
2024-10-29 07:46:07 , ERROR , Erro ao executar a negociação: The read operation timed out
2024-10-29 07:48:07 , INFO , HTTP Request: GET https://api.bitpreco.com/btc-brl/ticker "HTTP/1.1 200 OK"
2024-10-29 07:48:08 , INFO , HTTP Request: POST https://api.bitpreco.com/v1/trading/balance "HTTP/1.1 200 OK"
2024-10-29 07:48:08 , INFO , HTTP Request: POST https://api.bitpreco.com/v1/trading/balance "HTTP/1.1 200 OK"
2024-10-29 07:48:09 , INFO , Último sinal gerado: 0.0
2024-10-29 07:48:10 , INFO , HTTP Request: POST https://api.bitpreco.com/v1/trading/balance "HTTP/1.1 200 OK"
2024-10-29 07:48:10 , INFO , Nenhuma ação necessária no momento.
2024-10-29 07:48:14 , INFO , HTTP Request: POST https://api.bitpreco.com/v1/trading/balance "HTTP/1.1 200 OK"
2024-10-29 07:48:19 , INFO , HTTP Request: POST https://api.bitpreco.com/v1/trading/balance "HTTP/1.1 200 OK"
2024-10-29 07:48:21 , INFO , HTTP Request: GET https://api.bitpreco.com/btc-brl/ticker "HTTP/1.1 200 OK"
2024-10-29 07:48:23 , INFO , HTTP Request: POST https://api.bitpreco.com/v1/trading/balance "HTTP/1.1 200 OK"
2024-10-29 07:48:24 , INFO , HTTP Request: POST https://api.bitpreco.com/v1/trading/balance "HTTP/1.1 200 OK"
2024-10-29 07:48:24 , INFO , Último sinal gerado: 0.0
2024-10-29 07:48:26 , INFO , HTTP Request: POST https://api.bitpreco.com/v1/trading/balance "HTTP/1.1 200 OK"
2024-10-29 07:48:26 , INFO , Nenhuma ação necessária no momento.
2024-10-29 07:48:30 , INFO , HTTP Request: POST https://api.bitpreco.com/v1/trading/balance "HTTP/1.1 200 OK"
2024-10-29 07:48:37 , INFO , HTTP Request: GET https://api.bitpreco.com/btc-brl/ticker "HTTP/1.1 200 OK"
2024-10-29 07:48:38 , INFO , HTTP Request: POST https://api.bitpreco.com/v1/trading/balance "HTTP/1.1 200 OK"
2024-10-29 07:48:39 , INFO , HTTP Request: POST https://api.bitpreco.com/v1/trading/balance "HTTP/1.1 200 OK"
2024-10-29 07:48:40 , INFO , Último sinal gerado: 0.0
2024-10-29 07:48:41 , INFO , HTTP Request: POST https://api.bitpreco.com/v1/trading/balance "HTTP/1.1 200 OK"
2024-10-29 07:48:41 , INFO , Nenhuma ação necessária no momento.
2024-10-29 07:48:45 , INFO , HTTP Request: POST https://api.bitpreco.com/v1/trading/balance "HTTP/1.1 200 OK"
2024-10-29 07:48:51 , INFO , HTTP Request: GET https://api.bitpreco.com/btc-brl/ticker "HTTP/1.1 200 OK"
2024-10-29 07:48:53 , INFO , HTTP Request: POST https://api.bitpreco.com/v1/trading/balance "HTTP/1.1 200 OK"
2024-10-29 07:48:54 , INFO , HTTP Request: POST https://api.bitpreco.com/v1/trading/balance "HTTP/1.1 200 OK"
2024-10-29 07:48:54 , INFO , Último sinal gerado: 0.0
2024-10-29 07:48:55 , INFO , HTTP Request: POST https://api.bitpreco.com/v1/trading/balance "HTTP/1.1 200 OK"
2024-10-29 07:48:55 , INFO , Nenhuma ação necessária no momento.2024-10-29 07:51:40
2024-10-29 07:51:44 , INFO , HTTP Request: GET https://api.bitpreco.com/btc-brl/ticker "HTTP/1.1 200 OK"
2024-10-29 07:51:45 , INFO , HTTP Request: POST https://api.bitpreco.com/v1/trading/balance "HTTP/1.1 200 OK"
2024-10-29 07:51:46 , INFO , HTTP Request: POST https://api.bitpreco.com/v1/trading/balance "HTTP/1.1 200 OK"
2024-10-29 07:51:46 , INFO , Último sinal gerado: 0.0
2024-10-29 07:51:47 , INFO , HTTP Request: POST https://api.bitpreco.com/v1/trading/balance "HTTP/1.1 200 OK"
2024-10-29 07:51:47 , INFO , Nenhuma ação necessária no momento.
2024-10-29 07:51:59 , INFO , HTTP Request: POST https://api.bitpreco.com/v1/trading/balance "HTTP/1.1 200 OK"
2024-10-29 07:52:33 , INFO , HTTP Request: POST https://api.bitpreco.com/v1/trading/balance "HTTP/1.1 200 OK"
2024-10-29 07:53:07 , INFO , HTTP Request: POST https://api.bitpreco.com/v1/trading/balance "HTTP/1.1 200 OK"
2024-10-29 07:54:40 , INFO , Dash is running on http://127.0.0.1:8050/

2024-10-29 07:54:43 , INFO , HTTP Request: GET https://api.bitpreco.com/btc-brl/ticker "HTTP/1.1 200 OK"
2024-10-29 07:54:44 , INFO , HTTP Request: POST https://api.bitpreco.com/v1/trading/balance "HTTP/1.1 200 OK"
2024-10-29 07:54:45 , INFO , HTTP Request: POST https://api.bitpreco.com/v1/trading/balance "HTTP/1.1 200 OK"
2024-10-29 07:54:45 , INFO , Último sinal gerado: 0.0
2024-10-29 07:54:46 , INFO , HTTP Request: POST https://api.bitpreco.com/v1/trading/balance "HTTP/1.1 200 OK"
2024-10-29 07:54:46 , INFO , HTTP Request: POST https://api.bitpreco.com/v1/trading/balance "HTTP/1.1 200 OK"
2024-10-29 07:54:46 , INFO , Nenhuma ação necessária no momento.
2024-10-29 07:54:51 , INFO , HTTP Request: POST https://api.bitpreco.com/v1/trading/balance "HTTP/1.1 200 OK"
2024-10-29 07:56:28 , INFO , HTTP Request: POST https://api.bitpreco.com/v1/trading/balance "HTTP/1.1 200 OK"
2024-10-29 07:56:31 , INFO , HTTP Request: POST https://api.bitpreco.com/v1/trading/balance "HTTP/1.1 200 OK"
2024-10-29 07:56:34 , INFO , HTTP Request: POST https://api.bitpreco.com/v1/trading/balance "HTTP/1.1 200 OK"
2024-10-29 07:56:37 , INFO , HTTP Request: POST https://api.bitpreco.com/v1/trading/balance "HTTP/1.1 200 OK"
2024-10-29 07:56:40 , INFO , HTTP Request: POST https://api.bitpreco.com/v1/trading/balance "HTTP/1.1 200 OK"
2024-10-29 07:56:43 , INFO , HTTP Request: POST https://api.bitpreco.com/v1/trading/balance "HTTP/1.1 200 OK"
2024-10-29 07:56:46 , INFO , HTTP Request: POST https://api.bitpreco.com/v1/trading/balance "HTTP/1.1 200 OK"
2024-10-29 07:56:49 , INFO , HTTP Request: POST https://api.bitpreco.com/v1/trading/balance "HTTP/1.1 200 OK"
2024-10-29 07:56:52 , INFO , HTTP Request: POST https://api.bitpreco.com/v1/trading/balance "HTTP/1.1 200 OK"
2024-10-29 07:56:55 , INFO , HTTP Request: POST https://api.bitpreco.com/v1/trading/balance "HTTP/1.1 200 OK"
2024-10-29 07:56:58 , INFO , HTTP Request: POST https://api.bitpreco.com/v1/trading/balance "HTTP/1.1 200 OK"
2024-10-29 07:57:01 , INFO , HTTP Request: POST https://api.bitpreco.com/v1/trading/balance "HTTP/1.1 200 OK"
2024-10-29 07:57:04 , INFO , HTTP Request: POST https://api.bitpreco.com/v1/trading/balance "HTTP/1.1 200 OK"
2024-10-29 07:57:07 , INFO , HTTP Request: POST https://api.bitpreco.com/v1/trading/balance "HTTP/1.1 200 OK"
2024-10-29 07:57:10 , INFO , HTTP Request: POST https://api.bitpreco.com/v1/trading/balance "HTTP/1.1 200 OK"
2024-10-29 07:57:13 , INFO , HTTP Request: POST https://api.bitpreco.com/v1/trading/balance "HTTP/1.1 200 OK"
2024-10-29 07:57:16 , INFO , HTTP Request: POST https://api.bitpreco.com/v1/trading/balance "HTTP/1.1 200 OK"
2024-10-29 07:57:19 , INFO , HTTP Request: POST https://api.bitpreco.com/v1/trading/balance "HTTP/1.1 200 OK"
2024-10-29 07:57:22 , INFO , HTTP Request: POST https://api.bitpreco.com/v1/trading/balance "HTTP/1.1 200 OK"
2024-10-29 07:57:25 , INFO , HTTP Request: POST https://api.bitpreco.com/v1/trading/balance "HTTP/1.1 200 OK"
2024-10-29 07:57:28 , INFO , HTTP Request: POST https://api.bitpreco.com/v1/trading/balance "HTTP/1.1 200 OK"
2024-10-29 07:58:23 , INFO , HTTP Request: POST https://api.bitpreco.com/v1/trading/balance "HTTP/1.1 200 OK"
2024-10-29 07:58:47 , INFO , HTTP Request: GET https://api.bitpreco.com/btc-brl/ticker "HTTP/1.1 200 OK"
2024-10-29 07:58:48 , INFO , HTTP Request: POST https://api.bitpreco.com/v1/trading/balance "HTTP/1.1 200 OK"
2024-10-29 07:58:49 , INFO , HTTP Request: POST https://api.bitpreco.com/v1/trading/balance "HTTP/1.1 200 OK"
2024-10-29 07:58:50 , INFO , Último sinal gerado: 0.0
2024-10-29 07:58:51 , INFO , HTTP Request: POST https://api.bitpreco.com/v1/trading/balance "HTTP/1.1 200 OK"
2024-10-29 07:58:51 , INFO , Nenhuma ação necessária no momento.
2024-10-29 07:58:53 , INFO , HTTP Request: POST https://api.bitpreco.com/v1/trading/balance "HTTP/1.1 200 OK"
2024-10-29 07:59:22 , INFO , HTTP Request: GET https://api.bitpreco.com/btc-brl/ticker "HTTP/1.1 200 OK"
2024-10-29 07:59:22 , INFO , HTTP Request: POST https://api.bitpreco.com/v1/trading/balance "HTTP/1.1 200 OK"
2024-10-29 07:59:23 , INFO , HTTP Request: POST https://api.bitpreco.com/v1/trading/balance "HTTP/1.1 200 OK"
2024-10-29 07:59:24 , INFO , HTTP Request: POST https://api.bitpreco.com/v1/trading/balance "HTTP/1.1 200 OK"
2024-10-29 07:59:24 , INFO , Último sinal gerado: 0.0
2024-10-29 07:59:26 , INFO , HTTP Request: POST https://api.bitpreco.com/v1/trading/balance "HTTP/1.1 200 OK"
2024-10-29 07:59:26 , INFO , Nenhuma ação necessária no momento.
2024-10-29 07:59:36 , INFO , HTTP Request: POST https://api.bitpreco.com/v1/trading/balance "HTTP/1.1 200 OK"
2024-10-29 07:59:57 , INFO , HTTP Request: GET https://api.bitpreco.com/btc-brl/ticker "HTTP/1.1 200 OK"
2024-10-29 07:59:58 , INFO , HTTP Request: POST https://api.bitpreco.com/v1/trading/balance "HTTP/1.1 200 OK"
2024-10-29 07:59:59 , INFO , HTTP Request: POST https://api.bitpreco.com/v1/trading/balance "HTTP/1.1 200 OK"
2024-10-29 07:59:59 , INFO , Último sinal gerado: 0.0
2024-10-29 08:00:00 , INFO , HTTP Request: POST https://api.bitpreco.com/v1/trading/balance "HTTP/1.1 200 OK"
2024-10-29 08:00:00 , INFO , Nenhuma ação necessária no momento.
2024-10-29 08:00:16 , INFO , HTTP Request: POST https://api.bitpreco.com/v1/trading/balance "HTTP/1.1 200 OK"
2024-10-29 08:00:31 , INFO , HTTP Request: GET https://api.bitpreco.com/btc-brl/ticker "HTTP/1.1 200 OK"
2024-10-29 08:00:32 , INFO , HTTP Request: POST https://api.bitpreco.com/v1/trading/balance "HTTP/1.1 200 OK"
2024-10-29 08:00:32 , INFO , HTTP Request: POST https://api.bitpreco.com/v1/trading/balance "HTTP/1.1 200 OK"
2024-10-29 08:00:33 , INFO , Último sinal gerado: 0.0
2024-10-29 08:00:34 , INFO , HTTP Request: POST https://api.bitpreco.com/v1/trading/balance "HTTP/1.1 200 OK"
2024-10-29 08:00:34 , INFO , Nenhuma ação necessária no momento.
2024-10-29 08:00:46 , INFO , HTTP Request: POST https://api.bitpreco.com/v1/trading/balance "HTTP/1.1 200 OK"
2024-10-29 08:01:04 , INFO , HTTP Request: GET https://api.bitpreco.com/btc-brl/ticker "HTTP/1.1 200 OK"
2024-10-29 08:01:05 , INFO , HTTP Request: POST https://api.bitpreco.com/v1/trading/balance "HTTP/1.1 200 OK"
2024-10-29 08:01:06 , INFO , HTTP Request: POST https://api.bitpreco.com/v1/trading/balance "HTTP/1.1 200 OK"
2024-10-29 08:01:07 , INFO , Último sinal gerado: 0.0
2024-10-29 08:01:08 , INFO , HTTP Request: POST https://api.bitpreco.com/v1/trading/balance "HTTP/1.1 200 OK"
2024-10-29 08:01:08 , INFO , Nenhuma ação necessária no momento.
2024-10-29 08:01:17 , INFO , HTTP Request: POST https://api.bitpreco.com/v1/trading/balance "HTTP/1.1 200 OK"
2024-10-29 08:01:39 , INFO , HTTP Request: GET https://api.bitpreco.com/btc-brl/ticker "HTTP/1.1 200 OK"
2024-10-29 08:01:40 , INFO , HTTP Request: POST https://api.bitpreco.com/v1/trading/balance "HTTP/1.1 200 OK"
2024-10-29 08:01:41 , INFO , HTTP Request: POST https://api.bitpreco.com/v1/trading/balance "HTTP/1.1 200 OK"
2024-10-29 08:01:42 , INFO , Último sinal gerado: 0.0
2024-10-29 08:01:43 , INFO , HTTP Request: POST https://api.bitpreco.com/v1/trading/balance "HTTP/1.1 200 OK"
2024-10-29 08:01:43 , INFO , Nenhuma ação necessária no momento.
2024-10-29 08:01:48 , INFO , HTTP Request: POST https://api.bitpreco.com/v1/trading/balance "HTTP/1.1 200 OK"
2024-10-29 08:02:13 , INFO , HTTP Request: GET https://api.bitpreco.com/btc-brl/ticker "HTTP/1.1 200 OK"
2024-10-29 08:02:14 , INFO , HTTP Request: POST https://api.bitpreco.com/v1/trading/balance "HTTP/1.1 200 OK"
2024-10-29 08:02:15 , INFO , HTTP Request: POST https://api.bitpreco.com/v1/trading/balance "HTTP/1.1 200 OK"
2024-10-29 08:02:16 , INFO , Último sinal gerado: 0.0
2024-10-29 08:02:16 , INFO , HTTP Request: POST https://api.bitpreco.com/v1/trading/balance "HTTP/1.1 200 OK"
2024-10-29 08:02:16 , INFO , HTTP Request: POST https://api.bitpreco.com/v1/trading/balance "HTTP/1.1 200 OK"
2024-10-29 08:02:16 , INFO , Nenhuma ação necessária no momento.
2024-10-29 08:02:28 , INFO , HTTP Request: POST https://api.bitpreco.com/v1/trading/balance "HTTP/1.1 200 OK"
2024-10-29 08:02:31 , INFO , HTTP Request: POST https://api.bitpreco.com/v1/trading/balance "HTTP/1.1 200 OK"
2024-10-29 08:02:34 , INFO , HTTP Request: POST https://api.bitpreco.com/v1/trading/balance "HTTP/1.1 200 OK"
2024-10-29 08:02:37 , INFO , HTTP Request: POST https://api.bitpreco.com/v1/trading/balance "HTTP/1.1 200 OK"
2024-10-29 08:02:40 , INFO , HTTP Request: POST https://api.bitpreco.com/v1/trading/balance "HTTP/1.1 200 OK"
2024-10-29 08:02:43 , INFO , HTTP Request: POST https://api.bitpreco.com/v1/trading/balance "HTTP/1.1 200 OK"
2024-10-29 08:02:46 , INFO , HTTP Request: POST https://api.bitpreco.com/v1/trading/balance "HTTP/1.1 200 OK"
2024-10-29 08:02:47 , INFO , HTTP Request: GET https://api.bitpreco.com/btc-brl/ticker "HTTP/1.1 200 OK"
2024-10-29 08:02:48 , INFO , HTTP Request: POST https://api.bitpreco.com/v1/trading/balance "HTTP/1.1 200 OK"
2024-10-29 08:02:49 , INFO , HTTP Request: POST https://api.bitpreco.com/v1/trading/balance "HTTP/1.1 200 OK"
2024-10-29 08:02:50 , INFO , HTTP Request: POST https://api.bitpreco.com/v1/trading/balance "HTTP/1.1 200 OK"
2024-10-29 08:02:50 , INFO , Último sinal gerado: 0.0
2024-10-29 08:02:51 , INFO , HTTP Request: POST https://api.bitpreco.com/v1/trading/balance "HTTP/1.1 200 OK"
2024-10-29 08:02:51 , INFO , Nenhuma ação necessária no momento.
2024-10-29 08:02:52 , INFO , HTTP Request: POST https://api.bitpreco.com/v1/trading/balance "HTTP/1.1 200 OK"
2024-10-29 08:02:55 , INFO , HTTP Request: GET https://api.bitpreco.com/btc-brl/ticker "HTTP/1.1 200 OK"
2024-10-29 08:02:55 , INFO , HTTP Request: POST https://api.bitpreco.com/v1/trading/balance "HTTP/1.1 200 OK"
2024-10-29 08:02:56 , INFO , HTTP Request: POST https://api.bitpreco.com/v1/trading/balance "HTTP/1.1 200 OK"
2024-10-29 08:02:57 , INFO , HTTP Request: POST https://api.bitpreco.com/v1/trading/balance "HTTP/1.1 200 OK"
2024-10-29 08:02:58 , INFO , Último sinal gerado: 0.0
2024-10-29 08:02:58 , INFO , HTTP Request: POST https://api.bitpreco.com/v1/trading/balance "HTTP/1.1 200 OK"
2024-10-29 08:02:59 , INFO , HTTP Request: POST https://api.bitpreco.com/v1/trading/balance "HTTP/1.1 200 OK"
2024-10-29 08:02:59 , INFO , Nenhuma ação necessária no momento.
2024-10-29 08:03:01 , INFO , HTTP Request: POST https://api.bitpreco.com/v1/trading/balance "HTTP/1.1 200 OK"
2024-10-29 08:03:03 , INFO , HTTP Request: GET https://api.bitpreco.com/btc-brl/ticker "HTTP/1.1 200 OK"
2024-10-29 08:03:04 , INFO , HTTP Request: POST https://api.bitpreco.com/v1/trading/balance "HTTP/1.1 200 OK"
2024-10-29 08:03:04 , INFO , HTTP Request: POST https://api.bitpreco.com/v1/trading/balance "HTTP/1.1 200 OK"
2024-10-29 08:03:05 , INFO , HTTP Request: POST https://api.bitpreco.com/v1/trading/balance "HTTP/1.1 200 OK"
2024-10-29 08:03:05 , INFO , Último sinal gerado: 0.0
2024-10-29 08:03:06 , INFO , HTTP Request: POST https://api.bitpreco.com/v1/trading/balance "HTTP/1.1 200 OK"
2024-10-29 08:03:06 , INFO , Nenhuma ação necessária no momento.
2024-10-29 08:03:07 , INFO , HTTP Request: POST https://api.bitpreco.com/v1/trading/balance "HTTP/1.1 200 OK"
2024-10-29 08:03:10 , INFO , HTTP Request: POST https://api.bitpreco.com/v1/trading/balance "HTTP/1.1 200 OK"
2024-10-29 08:03:10 , INFO , HTTP Request: GET https://api.bitpreco.com/btc-brl/ticker "HTTP/1.1 200 OK"
2024-10-29 08:03:12 , INFO , HTTP Request: POST https://api.bitpreco.com/v1/trading/balance "HTTP/1.1 200 OK"
2024-10-29 08:03:13 , INFO , HTTP Request: POST https://api.bitpreco.com/v1/trading/balance "HTTP/1.1 200 OK"
2024-10-29 08:03:13 , INFO , HTTP Request: POST https://api.bitpreco.com/v1/trading/balance "HTTP/1.1 200 OK"
2024-10-29 08:03:13 , INFO , Último sinal gerado: 0.0
2024-10-29 08:03:14 , INFO , HTTP Request: POST https://api.bitpreco.com/v1/trading/balance "HTTP/1.1 200 OK"
2024-10-29 08:03:14 , INFO , Nenhuma ação necessária no momento.
2024-10-29 08:04:11 , INFO , Dash is running on http://127.0.0.1:8050/

2024-10-29 08:04:15 , INFO , HTTP Request: GET https://api.bitpreco.com/btc-brl/ticker "HTTP/1.1 200 OK"
2024-10-29 08:04:16 , INFO , HTTP Request: POST https://api.bitpreco.com/v1/trading/balance "HTTP/1.1 200 OK"
2024-10-29 08:04:17 , INFO , HTTP Request: POST https://api.bitpreco.com/v1/trading/balance "HTTP/1.1 200 OK"
2024-10-29 08:04:17 , INFO , Último sinal gerado: 0.0
2024-10-29 08:04:19 , INFO , HTTP Request: POST https://api.bitpreco.com/v1/trading/balance "HTTP/1.1 200 OK"
2024-10-29 08:04:19 , INFO , Nenhuma ação necessária no momento.
2024-10-29 08:04:21 , INFO , HTTP Request: POST https://api.bitpreco.com/v1/trading/balance "HTTP/1.1 200 OK"
2024-10-29 08:04:51 , INFO , HTTP Request: GET https://api.bitpreco.com/btc-brl/ticker "HTTP/1.1 200 OK"
2024-10-29 08:04:52 , INFO , HTTP Request: POST https://api.bitpreco.com/v1/trading/balance "HTTP/1.1 200 OK"
2024-10-29 08:04:52 , INFO , HTTP Request: POST https://api.bitpreco.com/v1/trading/balance "HTTP/1.1 200 OK"
2024-10-29 08:04:53 , INFO , HTTP Request: POST https://api.bitpreco.com/v1/trading/balance "HTTP/1.1 200 OK"
2024-10-29 08:04:54 , INFO , Último sinal gerado: 0.0
2024-10-29 08:04:54 , INFO , HTTP Request: POST https://api.bitpreco.com/v1/trading/balance "HTTP/1.1 200 OK"
2024-10-29 08:04:54 , INFO , Nenhuma ação necessária no momento.
2024-10-29 08:05:23 , INFO , HTTP Request: POST https://api.bitpreco.com/v1/trading/balance "HTTP/1.1 200 OK"
2024-10-29 08:05:26 , INFO , HTTP Request: GET https://api.bitpreco.com/btc-brl/ticker "HTTP/1.1 200 OK"
2024-10-29 08:05:27 , INFO , HTTP Request: POST https://api.bitpreco.com/v1/trading/balance "HTTP/1.1 200 OK"
2024-10-29 08:05:28 , INFO , HTTP Request: POST https://api.bitpreco.com/v1/trading/balance "HTTP/1.1 200 OK"
2024-10-29 08:05:28 , INFO , Último sinal gerado: 0.0
2024-10-29 08:05:29 , INFO , HTTP Request: POST https://api.bitpreco.com/v1/trading/balance "HTTP/1.1 200 OK"
2024-10-29 08:05:29 , INFO , Nenhuma ação necessária no momento.
2024-10-29 08:05:41 , INFO , Dash is running on http://127.0.0.1:8050/

2024-10-29 08:05:44 , INFO , HTTP Request: GET https://api.bitpreco.com/btc-brl/ticker "HTTP/1.1 200 OK"
2024-10-29 08:05:45 , INFO , HTTP Request: POST https://api.bitpreco.com/v1/trading/balance "HTTP/1.1 200 OK"
2024-10-29 08:05:47 , INFO , HTTP Request: POST https://api.bitpreco.com/v1/trading/balance "HTTP/1.1 200 OK"
2024-10-29 08:05:47 , INFO , HTTP Request: POST https://api.bitpreco.com/v1/trading/balance "HTTP/1.1 200 OK"
2024-10-29 08:05:47 , INFO , Último sinal gerado: 0.0
2024-10-29 08:05:48 , INFO , HTTP Request: POST https://api.bitpreco.com/v1/trading/balance "HTTP/1.1 200 OK"
2024-10-29 08:05:48 , INFO , Nenhuma ação necessária no momento.
2024-10-29 08:06:11 , INFO , HTTP Request: POST https://api.bitpreco.com/v1/trading/balance "HTTP/1.1 200 OK"
2024-10-29 08:06:14 , INFO , HTTP Request: POST https://api.bitpreco.com/v1/trading/balance "HTTP/1.1 200 OK"
2024-10-29 08:06:17 , INFO , HTTP Request: POST https://api.bitpreco.com/v1/trading/balance "HTTP/1.1 200 OK"
2024-10-29 08:06:20 , INFO , HTTP Request: GET https://api.bitpreco.com/btc-brl/ticker "HTTP/1.1 200 OK"
2024-10-29 08:06:20 , INFO , HTTP Request: POST https://api.bitpreco.com/v1/trading/balance "HTTP/1.1 200 OK"
2024-10-29 08:06:21 , INFO , HTTP Request: POST https://api.bitpreco.com/v1/trading/balance "HTTP/1.1 200 OK"
2024-10-29 08:06:22 , INFO , HTTP Request: POST https://api.bitpreco.com/v1/trading/balance "HTTP/1.1 200 OK"
2024-10-29 08:06:23 , INFO , Último sinal gerado: 0.0
2024-10-29 08:06:23 , INFO , HTTP Request: POST https://api.bitpreco.com/v1/trading/balance "HTTP/1.1 200 OK"
2024-10-29 08:06:24 , INFO , HTTP Request: POST https://api.bitpreco.com/v1/trading/balance "HTTP/1.1 200 OK"
2024-10-29 08:06:24 , INFO , Nenhuma ação necessária no momento.
2024-10-29 08:06:26 , INFO , HTTP Request: POST https://api.bitpreco.com/v1/trading/balance "HTTP/1.1 200 OK"
2024-10-29 08:06:28 , INFO , HTTP Request: GET https://api.bitpreco.com/btc-brl/ticker "HTTP/1.1 200 OK"
2024-10-29 08:06:29 , INFO , HTTP Request: POST https://api.bitpreco.com/v1/trading/balance "HTTP/1.1 200 OK"
2024-10-29 08:06:29 , INFO , HTTP Request: POST https://api.bitpreco.com/v1/trading/balance "HTTP/1.1 200 OK"
2024-10-29 08:06:30 , INFO , HTTP Request: POST https://api.bitpreco.com/v1/trading/balance "HTTP/1.1 200 OK"
2024-10-29 08:06:30 , INFO , Último sinal gerado: 0.0
2024-10-29 08:06:31 , INFO , HTTP Request: POST https://api.bitpreco.com/v1/trading/balance "HTTP/1.1 200 OK"
2024-10-29 08:06:31 , INFO , Nenhuma ação necessária no momento.
2024-10-29 08:06:32 , INFO , HTTP Request: POST https://api.bitpreco.com/v1/trading/balance "HTTP/1.1 200 OK"
2024-10-29 08:06:35 , INFO , HTTP Request: POST https://api.bitpreco.com/v1/trading/balance "HTTP/1.1 200 OK"
2024-10-29 08:06:35 , INFO , HTTP Request: GET https://api.bitpreco.com/btc-brl/ticker "HTTP/1.1 200 OK"
2024-10-29 08:06:36 , INFO , HTTP Request: POST https://api.bitpreco.com/v1/trading/balance "HTTP/1.1 200 OK"
2024-10-29 08:06:38 , INFO , HTTP Request: POST https://api.bitpreco.com/v1/trading/balance "HTTP/1.1 200 OK"
2024-10-29 08:06:38 , INFO , Último sinal gerado: 0.0
2024-10-29 08:06:38 , INFO , HTTP Request: POST https://api.bitpreco.com/v1/trading/balance "HTTP/1.1 200 OK"
2024-10-29 08:06:39 , INFO , HTTP Request: POST https://api.bitpreco.com/v1/trading/balance "HTTP/1.1 200 OK"
2024-10-29 08:06:39 , INFO , Nenhuma ação necessária no momento.
2024-10-29 08:06:41 , INFO , HTTP Request: POST https://api.bitpreco.com/v1/trading/balance "HTTP/1.1 200 OK"
2024-10-29 08:06:43 , INFO , HTTP Request: GET https://api.bitpreco.com/btc-brl/ticker "HTTP/1.1 200 OK"
2024-10-29 08:06:44 , INFO , HTTP Request: POST https://api.bitpreco.com/v1/trading/balance "HTTP/1.1 200 OK"
2024-10-29 08:06:44 , INFO , HTTP Request: POST https://api.bitpreco.com/v1/trading/balance "HTTP/1.1 200 OK"
2024-10-29 08:06:46 , INFO , HTTP Request: POST https://api.bitpreco.com/v1/trading/balance "HTTP/1.1 200 OK"
2024-10-29 08:06:46 , INFO , Último sinal gerado: 0.0
2024-10-29 08:06:47 , INFO , HTTP Request: POST https://api.bitpreco.com/v1/trading/balance "HTTP/1.1 200 OK"
2024-10-29 08:06:47 , INFO , Nenhuma ação necessária no momento.
2024-10-29 08:06:49 , INFO , HTTP Request: POST https://api.bitpreco.com/v1/trading/balance "HTTP/1.1 200 OK"
2024-10-29 08:06:51 , INFO , HTTP Request: GET https://api.bitpreco.com/btc-brl/ticker "HTTP/1.1 200 OK"
2024-10-29 08:06:52 , INFO , HTTP Request: POST https://api.bitpreco.com/v1/trading/balance "HTTP/1.1 200 OK"
2024-10-29 08:06:52 , INFO , HTTP Request: POST https://api.bitpreco.com/v1/trading/balance "HTTP/1.1 200 OK"
2024-10-29 08:06:53 , INFO , HTTP Request: POST https://api.bitpreco.com/v1/trading/balance "HTTP/1.1 200 OK"
2024-10-29 08:06:53 , INFO , Último sinal gerado: 0.0
2024-10-29 08:06:54 , INFO , HTTP Request: POST https://api.bitpreco.com/v1/trading/balance "HTTP/1.1 200 OK"
2024-10-29 08:06:54 , INFO , Nenhuma ação necessária no momento.
2024-10-29 08:06:55 , INFO , HTTP Request: POST https://api.bitpreco.com/v1/trading/balance "HTTP/1.1 200 OK"
2024-10-29 08:06:58 , INFO , HTTP Request: POST https://api.bitpreco.com/v1/trading/balance "HTTP/1.1 200 OK"
2024-10-29 08:06:58 , INFO , HTTP Request: GET https://api.bitpreco.com/btc-brl/ticker "HTTP/1.1 200 OK"
2024-10-29 08:06:59 , INFO , HTTP Request: POST https://api.bitpreco.com/v1/trading/balance "HTTP/1.1 200 OK"
2024-10-29 08:07:00 , INFO , HTTP Request: POST https://api.bitpreco.com/v1/trading/balance "HTTP/1.1 200 OK"
2024-10-29 08:07:00 , INFO , HTTP Request: POST https://api.bitpreco.com/v1/trading/balance "HTTP/1.1 200 OK"
2024-10-29 08:07:00 , INFO , Último sinal gerado: 0.0
2024-10-29 08:07:01 , INFO , HTTP Request: POST https://api.bitpreco.com/v1/trading/balance "HTTP/1.1 200 OK"
2024-10-29 08:07:01 , INFO , Nenhuma ação necessária no momento.
2024-10-29 08:07:02 , INFO , HTTP Request: POST https://api.bitpreco.com/v1/trading/balance "HTTP/1.1 200 OK"
2024-10-29 08:07:05 , INFO , HTTP Request: GET https://api.bitpreco.com/btc-brl/ticker "HTTP/1.1 200 OK"
2024-10-29 08:07:05 , INFO , HTTP Request: POST https://api.bitpreco.com/v1/trading/balance "HTTP/1.1 200 OK"
2024-10-29 08:07:06 , INFO , HTTP Request: POST https://api.bitpreco.com/v1/trading/balance "HTTP/1.1 200 OK"
2024-10-29 08:07:07 , INFO , HTTP Request: POST https://api.bitpreco.com/v1/trading/balance "HTTP/1.1 200 OK"
2024-10-29 08:07:08 , INFO , Último sinal gerado: 0.0
2024-10-29 08:07:08 , INFO , HTTP Request: POST https://api.bitpreco.com/v1/trading/balance "HTTP/1.1 200 OK"
2024-10-29 08:07:09 , INFO , HTTP Request: POST https://api.bitpreco.com/v1/trading/balance "HTTP/1.1 200 OK"
2024-10-29 08:07:09 , INFO , Nenhuma ação necessária no momento.
2024-10-29 08:07:11 , INFO , HTTP Request: POST https://api.bitpreco.com/v1/trading/balance "HTTP/1.1 200 OK"
2024-10-29 08:07:13 , INFO , HTTP Request: GET https://api.bitpreco.com/btc-brl/ticker "HTTP/1.1 200 OK"
2024-10-29 08:07:14 , INFO , HTTP Request: POST https://api.bitpreco.com/v1/trading/balance "HTTP/1.1 200 OK"
2024-10-29 08:07:14 , INFO , HTTP Request: POST https://api.bitpreco.com/v1/trading/balance "HTTP/1.1 200 OK"
2024-10-29 08:07:15 , INFO , HTTP Request: POST https://api.bitpreco.com/v1/trading/balance "HTTP/1.1 200 OK"
2024-10-29 08:07:16 , INFO , Último sinal gerado: 0.0
2024-10-29 08:07:17 , INFO , HTTP Request: POST https://api.bitpreco.com/v1/trading/balance "HTTP/1.1 200 OK"
2024-10-29 08:07:17 , INFO , Nenhuma ação necessária no momento.
2024-10-29 08:07:17 , INFO , HTTP Request: POST https://api.bitpreco.com/v1/trading/balance "HTTP/1.1 200 OK"
2024-10-29 08:07:20 , INFO , HTTP Request: POST https://api.bitpreco.com/v1/trading/balance "HTTP/1.1 200 OK"
2024-10-29 08:07:21 , INFO , HTTP Request: GET https://api.bitpreco.com/btc-brl/ticker "HTTP/1.1 200 OK"
2024-10-29 08:07:22 , INFO , HTTP Request: POST https://api.bitpreco.com/v1/trading/balance "HTTP/1.1 200 OK"
2024-10-29 08:07:23 , INFO , HTTP Request: POST https://api.bitpreco.com/v1/trading/balance "HTTP/1.1 200 OK"
2024-10-29 08:07:23 , INFO , HTTP Request: POST https://api.bitpreco.com/v1/trading/balance "HTTP/1.1 200 OK"
2024-10-29 08:07:23 , INFO , Último sinal gerado: 0.0
2024-10-29 08:07:25 , INFO , HTTP Request: POST https://api.bitpreco.com/v1/trading/balance "HTTP/1.1 200 OK"
2024-10-29 08:07:25 , INFO , Nenhuma ação necessária no momento.
2024-10-29 08:07:26 , INFO , HTTP Request: POST https://api.bitpreco.com/v1/trading/balance "HTTP/1.1 200 OK"
2024-10-29 08:07:28 , INFO , HTTP Request: GET https://api.bitpreco.com/btc-brl/ticker "HTTP/1.1 200 OK"
2024-10-29 08:07:29 , INFO , HTTP Request: POST https://api.bitpreco.com/v1/trading/balance "HTTP/1.1 200 OK"
2024-10-29 08:07:30 , INFO , HTTP Request: POST https://api.bitpreco.com/v1/trading/balance "HTTP/1.1 200 OK"
2024-10-29 08:07:31 , INFO , HTTP Request: POST https://api.bitpreco.com/v1/trading/balance "HTTP/1.1 200 OK"
2024-10-29 08:07:31 , INFO , Último sinal gerado: 0.0
2024-10-29 08:07:32 , INFO , HTTP Request: POST https://api.bitpreco.com/v1/trading/balance "HTTP/1.1 200 OK"
2024-10-29 08:07:32 , INFO , HTTP Request: POST https://api.bitpreco.com/v1/trading/balance "HTTP/1.1 200 OK"
2024-10-29 08:07:32 , INFO , Nenhuma ação necessária no momento.
2024-10-29 08:07:35 , INFO , HTTP Request: POST https://api.bitpreco.com/v1/trading/balance "HTTP/1.1 200 OK"
2024-10-29 08:07:36 , INFO , HTTP Request: GET https://api.bitpreco.com/btc-brl/ticker "HTTP/1.1 200 OK"
2024-10-29 08:07:37 , INFO , HTTP Request: POST https://api.bitpreco.com/v1/trading/balance "HTTP/1.1 200 OK"
2024-10-29 08:07:38 , INFO , HTTP Request: POST https://api.bitpreco.com/v1/trading/balance "HTTP/1.1 200 OK"
2024-10-29 08:07:39 , INFO , HTTP Request: POST https://api.bitpreco.com/v1/trading/balance "HTTP/1.1 200 OK"
2024-10-29 08:07:39 , INFO , Último sinal gerado: 0.0
2024-10-29 08:07:40 , INFO , HTTP Request: POST https://api.bitpreco.com/v1/trading/balance "HTTP/1.1 200 OK"
2024-10-29 08:07:40 , INFO , Nenhuma ação necessária no momento.
2024-10-29 08:07:41 , INFO , HTTP Request: POST https://api.bitpreco.com/v1/trading/balance "HTTP/1.1 200 OK"
2024-10-29 08:07:44 , INFO , HTTP Request: GET https://api.bitpreco.com/btc-brl/ticker "HTTP/1.1 200 OK"
2024-10-29 08:07:44 , INFO , HTTP Request: POST https://api.bitpreco.com/v1/trading/balance "HTTP/1.1 200 OK"
2024-10-29 08:07:45 , INFO , HTTP Request: POST https://api.bitpreco.com/v1/trading/balance "HTTP/1.1 200 OK"
2024-10-29 08:07:46 , INFO , HTTP Request: POST https://api.bitpreco.com/v1/trading/balance "HTTP/1.1 200 OK"
2024-10-29 08:07:47 , INFO , Último sinal gerado: 0.0
2024-10-29 08:07:47 , INFO , HTTP Request: POST https://api.bitpreco.com/v1/trading/balance "HTTP/1.1 200 OK"
2024-10-29 08:07:48 , INFO , HTTP Request: POST https://api.bitpreco.com/v1/trading/balance "HTTP/1.1 200 OK"
2024-10-29 08:07:48 , INFO , Nenhuma ação necessária no momento.
2024-10-29 08:07:52 , INFO , HTTP Request: GET https://api.bitpreco.com/btc-brl/ticker "HTTP/1.1 200 OK"
2024-10-29 08:07:53 , INFO , HTTP Request: POST https://api.bitpreco.com/v1/trading/balance "HTTP/1.1 200 OK"
2024-10-29 08:07:55 , INFO , HTTP Request: POST https://api.bitpreco.com/v1/trading/balance "HTTP/1.1 200 OK"
2024-10-29 08:07:55 , INFO , Último sinal gerado: 0.0
2024-10-29 08:07:57 , INFO , HTTP Request: POST https://api.bitpreco.com/v1/trading/balance "HTTP/1.1 200 OK"
2024-10-29 08:07:57 , INFO , Nenhuma ação necessária no momento.
2024-10-29 08:08:08 , INFO , HTTP Request: POST https://api.bitpreco.com/v1/trading/balance "HTTP/1.1 200 OK"
2024-10-29 08:08:14 , INFO , HTTP Request: GET https://api.bitpreco.com/btc-brl/ticker "HTTP/1.1 200 OK"
2024-10-29 08:08:15 , INFO , HTTP Request: POST https://api.bitpreco.com/v1/trading/balance "HTTP/1.1 200 OK"
2024-10-29 08:08:16 , INFO , HTTP Request: POST https://api.bitpreco.com/v1/trading/balance "HTTP/1.1 200 OK"
2024-10-29 08:08:17 , INFO , Último sinal gerado: 0.0
2024-10-29 08:08:18 , INFO , HTTP Request: POST https://api.bitpreco.com/v1/trading/balance "HTTP/1.1 200 OK"
2024-10-29 08:08:18 , INFO , Nenhuma ação necessária no momento.
2024-10-29 08:08:22 , INFO , HTTP Request: POST https://api.bitpreco.com/v1/trading/balance "HTTP/1.1 200 OK"
2024-10-29 08:08:35 , INFO , HTTP Request: GET https://api.bitpreco.com/btc-brl/ticker "HTTP/1.1 200 OK"
2024-10-29 08:08:37 , INFO , HTTP Request: POST https://api.bitpreco.com/v1/trading/balance "HTTP/1.1 200 OK"
2024-10-29 08:08:38 , INFO , HTTP Request: POST https://api.bitpreco.com/v1/trading/balance "HTTP/1.1 200 OK"
2024-10-29 08:08:38 , INFO , Último sinal gerado: 0.0
2024-10-29 08:08:40 , INFO , HTTP Request: POST https://api.bitpreco.com/v1/trading/balance "HTTP/1.1 200 OK"
2024-10-29 08:08:40 , INFO , Nenhuma ação necessária no momento.
2024-10-29 08:08:40 , INFO , HTTP Request: POST https://api.bitpreco.com/v1/trading/balance "HTTP/1.1 200 OK"
2024-10-29 08:08:56 , INFO , HTTP Request: GET https://api.bitpreco.com/btc-brl/ticker "HTTP/1.1 200 OK"
2024-10-29 08:08:57 , INFO , HTTP Request: POST https://api.bitpreco.com/v1/trading/balance "HTTP/1.1 200 OK"
2024-10-29 08:08:57 , INFO , HTTP Request: POST https://api.bitpreco.com/v1/trading/balance "HTTP/1.1 200 OK"
2024-10-29 08:08:58 , INFO , HTTP Request: POST https://api.bitpreco.com/v1/trading/balance "HTTP/1.1 200 OK"
2024-10-29 08:08:58 , INFO , Último sinal gerado: 0.0
2024-10-29 08:08:59 , INFO , HTTP Request: POST https://api.bitpreco.com/v1/trading/balance "HTTP/1.1 200 OK"
2024-10-29 08:08:59 , INFO , Nenhuma ação necessária no momento.
2024-10-29 08:09:16 , INFO , HTTP Request: GET https://api.bitpreco.com/btc-brl/ticker "HTTP/1.1 200 OK"
2024-10-29 08:09:17 , INFO , HTTP Request: POST https://api.bitpreco.com/v1/trading/balance "HTTP/1.1 200 OK"
2024-10-29 08:09:17 , INFO , HTTP Request: POST https://api.bitpreco.com/v1/trading/balance "HTTP/1.1 200 OK"
2024-10-29 08:09:18 , INFO , HTTP Request: POST https://api.bitpreco.com/v1/trading/balance "HTTP/1.1 200 OK"
2024-10-29 08:09:19 , INFO , Último sinal gerado: 0.0
2024-10-29 08:09:20 , INFO , HTTP Request: POST https://api.bitpreco.com/v1/trading/balance "HTTP/1.1 200 OK"
2024-10-29 08:09:20 , INFO , Nenhuma ação necessária no momento.
2024-10-29 08:09:37 , INFO , HTTP Request: GET https://api.bitpreco.com/btc-brl/ticker "HTTP/1.1 200 OK"
2024-10-29 08:09:38 , INFO , HTTP Request: POST https://api.bitpreco.com/v1/trading/balance "HTTP/1.1 200 OK"
2024-10-29 08:09:39 , INFO , HTTP Request: POST https://api.bitpreco.com/v1/trading/balance "HTTP/1.1 200 OK"
2024-10-29 08:09:39 , INFO , Último sinal gerado: 0.0
2024-10-29 08:09:40 , INFO , HTTP Request: POST https://api.bitpreco.com/v1/trading/balance "HTTP/1.1 200 OK"
2024-10-29 08:09:40 , INFO , Nenhuma ação necessária no momento.
2024-10-29 08:09:57 , INFO , HTTP Request: GET https://api.bitpreco.com/btc-brl/ticker "HTTP/1.1 200 OK"
2024-10-29 08:09:58 , INFO , HTTP Request: POST https://api.bitpreco.com/v1/trading/balance "HTTP/1.1 200 OK"
2024-10-29 08:09:59 , INFO , HTTP Request: POST https://api.bitpreco.com/v1/trading/balance "HTTP/1.1 200 OK"
2024-10-29 08:10:00 , INFO , Último sinal gerado: 0.0
2024-10-29 08:10:01 , INFO , HTTP Request: POST https://api.bitpreco.com/v1/trading/balance "HTTP/1.1 200 OK"
2024-10-29 08:10:01 , INFO , Nenhuma ação necessária no momento.
2024-10-29 08:10:05 , INFO , HTTP Request: POST https://api.bitpreco.com/v1/trading/balance "HTTP/1.1 200 OK"
2024-10-29 08:10:18 , INFO , HTTP Request: GET https://api.bitpreco.com/btc-brl/ticker "HTTP/1.1 200 OK"
2024-10-29 08:10:20 , INFO , HTTP Request: POST https://api.bitpreco.com/v1/trading/balance "HTTP/1.1 200 OK"
2024-10-29 08:10:20 , INFO , HTTP Request: POST https://api.bitpreco.com/v1/trading/balance "HTTP/1.1 200 OK"
2024-10-29 08:10:21 , INFO , Último sinal gerado: 0.0
2024-10-29 08:10:22 , INFO , HTTP Request: POST https://api.bitpreco.com/v1/trading/balance "HTTP/1.1 200 OK"
2024-10-29 08:10:22 , INFO , Nenhuma ação necessária no momento.
2024-10-29 08:10:37 , INFO , HTTP Request: POST https://api.bitpreco.com/v1/trading/balance "HTTP/1.1 200 OK"
2024-10-29 08:10:39 , INFO , HTTP Request: GET https://api.bitpreco.com/btc-brl/ticker "HTTP/1.1 200 OK"
2024-10-29 08:10:40 , INFO , HTTP Request: POST https://api.bitpreco.com/v1/trading/balance "HTTP/1.1 200 OK"
2024-10-29 08:10:41 , INFO , HTTP Request: POST https://api.bitpreco.com/v1/trading/balance "HTTP/1.1 200 OK"
2024-10-29 08:10:41 , INFO , Último sinal gerado: 0.0
2024-10-29 08:10:42 , INFO , HTTP Request: POST https://api.bitpreco.com/v1/trading/balance "HTTP/1.1 200 OK"
2024-10-29 08:10:42 , INFO , Nenhuma ação necessária no momento.
2024-10-29 08:10:48 , INFO , HTTP Request: POST https://api.bitpreco.com/v1/trading/balance "HTTP/1.1 200 OK"
2024-10-29 08:10:59 , INFO , HTTP Request: GET https://api.bitpreco.com/btc-brl/ticker "HTTP/1.1 200 OK"
2024-10-29 08:11:00 , INFO , HTTP Request: POST https://api.bitpreco.com/v1/trading/balance "HTTP/1.1 200 OK"
2024-10-29 08:11:02 , INFO , HTTP Request: POST https://api.bitpreco.com/v1/trading/balance "HTTP/1.1 200 OK"
2024-10-29 08:11:02 , INFO , Último sinal gerado: 0.0
2024-10-29 08:11:02 , INFO , HTTP Request: POST https://api.bitpreco.com/v1/trading/balance "HTTP/1.1 200 OK"
2024-10-29 08:11:03 , INFO , HTTP Request: POST https://api.bitpreco.com/v1/trading/balance "HTTP/1.1 200 OK"
2024-10-29 08:11:03 , INFO , Nenhuma ação necessária no momento.
2024-10-29 08:11:20 , INFO , HTTP Request: GET https://api.bitpreco.com/btc-brl/ticker "HTTP/1.1 200 OK"
2024-10-29 08:11:21 , INFO , HTTP Request: POST https://api.bitpreco.com/v1/trading/balance "HTTP/1.1 200 OK"
2024-10-29 08:11:22 , INFO , HTTP Request: POST https://api.bitpreco.com/v1/trading/balance "HTTP/1.1 200 OK"
2024-10-29 08:11:23 , INFO , Último sinal gerado: 0.0
2024-10-29 08:11:24 , INFO , HTTP Request: POST https://api.bitpreco.com/v1/trading/balance "HTTP/1.1 200 OK"
2024-10-29 08:11:24 , INFO , HTTP Request: POST https://api.bitpreco.com/v1/trading/balance "HTTP/1.1 200 OK"
2024-10-29 08:11:24 , INFO , Nenhuma ação necessária no momento.
